<NewDataSet>
  <xs:schema id="NewDataSet" xmlns="" xmlns:xs="http://www.w3.org/2001/XMLSchema" xmlns:msdata="urn:schemas-microsoft-com:xml-msdata" xmlns:msprop="urn:schemas-microsoft-com:xml-msprop">
    <xs:element name="NewDataSet" msdata:IsDataSet="true" msdata:UseCurrentLocale="true" msdata:IsReadOnly="False">
      <xs:complexType>
        <xs:choice minOccurs="0" maxOccurs="unbounded">
          <xs:element name="CMS_EmailTemplate" msprop:IsFromCMSDatabase="True">
            <xs:complexType>
              <xs:sequence>
                <xs:element name="EmailTemplateID" type="xs:int" minOccurs="0" />
                <xs:element name="EmailTemplateName" type="xs:string" minOccurs="0" />
                <xs:element name="EmailTemplateDisplayName" type="xs:string" minOccurs="0" />
                <xs:element name="EmailTemplateText" type="xs:string" minOccurs="0" />
                <xs:element name="EmailTemplateSiteID" type="xs:int" minOccurs="0" />
                <xs:element name="EmailTemplateGUID" msdata:DataType="System.Guid, mscorlib, Version=4.0.0.0, Culture=neutral, PublicKeyToken=b77a5c561934e089" type="xs:string" minOccurs="0" />
                <xs:element name="EmailTemplateLastModified" type="xs:dateTime" minOccurs="0" />
                <xs:element name="EmailTemplatePlainText" type="xs:string" minOccurs="0" />
                <xs:element name="EmailTemplateSubject" type="xs:string" minOccurs="0" />
                <xs:element name="EmailTemplateFrom" type="xs:string" minOccurs="0" />
                <xs:element name="EmailTemplateCc" type="xs:string" minOccurs="0" />
                <xs:element name="EmailTemplateBcc" type="xs:string" minOccurs="0" />
                <xs:element name="EmailTemplateType" type="xs:string" minOccurs="0" />
                <xs:element name="EmailTemplateDescription" type="xs:string" minOccurs="0" />
                <xs:element name="EmailTemplateReplyTo" type="xs:string" minOccurs="0" />
              </xs:sequence>
            </xs:complexType>
          </xs:element>
        </xs:choice>
      </xs:complexType>
    </xs:element>
  </xs:schema>
  <CMS_EmailTemplate>
    <EmailTemplateID>1050</EmailTemplateID>
    <EmailTemplateName>Ecommerce.AutomaticRegistration</EmailTemplateName>
    <EmailTemplateDisplayName>E-commerce - Automatic registration</EmailTemplateDisplayName>
    <EmailTemplateText>&lt;html&gt;
  &lt;head&gt;&lt;/head&gt;
  &lt;body&gt;  
    &lt;p&gt;
      Dear {% UserFullName %},welcome to 
      &lt;a href="{% CurrentSite.SitePresentationURL |(identity)GlobalAdministrator|(hash)8bc6cb5e6a71cf651a0a3880bd8c4ac4197526f08a3d6ff50eb85cc131756820%}"&gt;{% CurrentSite.SiteDomainName |(identity)GlobalAdministrator|(hash)f5b3e3e05c3ae530b0db228e03f394e6afadedcd37377c3861ea91a37c79a3ee%}&lt;/a&gt;! 
      Meanwhile, we have prepared an account for you. 
      With your new account you can easily review your orders and manage your personal information.
    &lt;/p&gt;
    &lt;p&gt;&lt;strong&gt;Login details:&lt;/strong&gt;&lt;/p&gt;
    E-mail(username): {% UserName %}&lt;br/&gt;
    Password: {% Password %}&lt;br /&gt;
    &lt;br /&gt;
    &lt;p&gt;We recommend changing your password directly after you log in.&lt;/p&gt;
  &lt;/body&gt;
&lt;/html&gt;</EmailTemplateText>
    <EmailTemplateGUID>680db946-cefd-475f-b65f-84dc4d53051c</EmailTemplateGUID>
    <EmailTemplateLastModified>2020-10-26T10:01:04.7970779+01:00</EmailTemplateLastModified>
    <EmailTemplateSubject>Welcome to {% CurrentSite.SiteDomainName |(identity)GlobalAdministrator|(hash)f5b3e3e05c3ae530b0db228e03f394e6afadedcd37377c3861ea91a37c79a3ee%}</EmailTemplateSubject>
    <EmailTemplateType>ecommerce</EmailTemplateType>
  </CMS_EmailTemplate>
  <CMS_EmailTemplate>
    <EmailTemplateID>1089</EmailTemplateID>
    <EmailTemplateName>Ecommerce.EproductExpirationNotification</EmailTemplateName>
    <EmailTemplateDisplayName>E-commerce - E-product expiration notification</EmailTemplateDisplayName>
    <EmailTemplateText>You have bought the following e-products, please download them until their download links expire. Once the download link expires, you won't be able to download the file.
&lt;br /&gt;

{%EproductsTable.ApplyTransformation("Ecommerce.Transformations.Order_EproductsTable")|(user)administrator|(hash)f6828c8c1be49855bcda882018268dd701ea6d500c87721bfa7ec9b9cf2b08c1%}
&lt;br /&gt;

This is an automatic reminder, please do not respond.
&lt;br /&gt;

Thank you.</EmailTemplateText>
    <EmailTemplateGUID>ddfff92c-168f-4379-94e8-ad5f815727ac</EmailTemplateGUID>
    <EmailTemplateLastModified>2020-10-26T10:01:04.8282962+01:00</EmailTemplateLastModified>
    <EmailTemplateType>ecommerceeproductexpiration</EmailTemplateType>
  </CMS_EmailTemplate>
  <CMS_EmailTemplate>
    <EmailTemplateID>167</EmailTemplateID>
    <EmailTemplateName>Ecommerce.OrderNotificationToAdmin</EmailTemplateName>
    <EmailTemplateDisplayName>E-commerce - Order notification to administrator</EmailTemplateDisplayName>
    <EmailTemplateText>&lt;html&gt;&lt;head&gt;&lt;/head&gt;&lt;body&gt; 
&lt;table cellspacing="0" cellpadding="5" border="1" width="600" style="border-color:black;"&gt;
    &lt;tbody&gt;
        &lt;tr&gt;
            &lt;td height="50" valign="bottom" colspan="2"&gt;
            &lt;table width="100%"&gt;
                &lt;tbody&gt;
                    &lt;tr&gt;
                        &lt;td style="text-align: left; vertical-align: bottom;"&gt;&lt;span style="font-size: 18pt;"&gt;New order&lt;/span&gt;&lt;/td&gt;
                        &lt;td style="text-align: center; vertical-align: middle;"&gt;&lt;span style="font-family: GaramondTimesserif; font-size: 24pt; font-style: italic;"&gt;Company logo&lt;/span&gt;&lt;/td&gt;
                    &lt;/tr&gt;
                &lt;/tbody&gt;
            &lt;/table&gt;
            &lt;/td&gt;
        &lt;/tr&gt;
        &lt;tr&gt;
			&lt;td style="text-align: left; padding: 8px"&gt;
			&lt;table style="width: 287px; height: 23px"&gt;
				&lt;tbody&gt;
					&lt;tr&gt;
						&lt;td style="text-align: left; color:black; font-weight:bold;"&gt;Invoice number&lt;/td&gt;
						&lt;td style="text-align: right; padding-right: 10px; padding: 8px"&gt;{% Order.OrderInvoiceNumber|(encode)true|(identity)GlobalAdministrator|(hash)94d6104523eb5713374f43dec375ccdea0fad1be8450a5a0fd6f2ca40e2dd3d2%}&lt;/td&gt;
					&lt;/tr&gt;
				&lt;/tbody&gt;
			&lt;/table&gt;
			&lt;/td&gt;
			&lt;td style="text-align: left; padding: 8px"&gt;
			&lt;table width="100%"&gt;
				&lt;tbody&gt;
					&lt;tr&gt;
						&lt;td style="text-align: left; color:black; font-weight:bold;"&gt;Order date:&lt;/td&gt;
						&lt;td style="text-align: right; padding: 8px"&gt;{% GetSiteDateTime(Order.OrderDate) |(identity)GlobalAdministrator|(hash)8069bc435c944b5e8c3603a0d5ebc421a411f20d214526fd37d63812b0569720%}&lt;/td&gt;
					&lt;/tr&gt;
				&lt;/tbody&gt;
			&lt;/table&gt;
			&lt;/td&gt;
		&lt;/tr&gt;
		&lt;tr&gt;
			&lt;td style="text-align: left; vertical-align: top; padding: 8px" width="50%"&gt;&lt;span style="color:black; font-weight:bold"&gt;Supplier&lt;/span&gt;&lt;br /&gt;
			&amp;nbsp;
			&lt;table&gt;
				&lt;tbody&gt;
					&lt;tr&gt;
						&lt;td&gt;Company address&lt;/td&gt;
					&lt;/tr&gt;
				&lt;/tbody&gt;
			&lt;/table&gt;
			&lt;/td&gt;
			&lt;td style="text-align: left; vertical-align: top; padding: 8px" width="50%"&gt;&lt;span style="color:black; font-weight:bold"&gt;Customer &lt;/span&gt;&lt;br /&gt;

			&lt;p&gt;{%BillingAddress.ApplyTransformation("Ecommerce.Transformations.Order_Address") |(user)administrator|(hash)9e5056afdf5f5f09df7afb09910a29bba0a021b78146c08716d7d9947b7db6e5%}&lt;/p&gt;
			&lt;/td&gt;
		&lt;/tr&gt;
		&lt;tr&gt;
			&lt;td colspan="2"&gt;
			&lt;table width="100%"&gt;
				&lt;tbody&gt;
					&lt;tr&gt;
						&lt;td style="text-align: left; padding: 8px"&gt;&lt;span style="color:black; font-weight:bold"&gt;Payment option&lt;/span&gt;&lt;/td&gt;
						&lt;td style="text-align: left; padding: 8px"&gt;{%PaymentOption.PaymentOptionDisplayName |(user)administrator|(hash)8f094e39bdccceaf91fac0de019271110f159122257f0f60c8c04d6e3e853635%}&lt;/td&gt;
					&lt;/tr&gt;
				&lt;/tbody&gt;
			&lt;/table&gt;
			&lt;/td&gt;
		&lt;/tr&gt;
		&lt;tr&gt;
			&lt;td colspan="2" style="text-align: left; padding: 8px"&gt;{%ContentTable.ApplyTransformation("Ecommerce.Transformations.Order_ContentTable", "Ecommerce.Transformations.Order_ContentTableHeader", "Ecommerce.Transformations.Order_ContentTableFooter") |(identity)GlobalAdministrator|(hash)458623d4abe1d4d6c335c15a16e3ca2c3f0aac209182f2ff6cfea5eda80c0c44%} 
			&lt;hr size="1" /&gt;
			&lt;table cellpadding="5" width="50%" style="float: right;"&gt;
				&lt;tbody&gt;
					&lt;tr&gt;
						&lt;td&gt;Subtotal&lt;/td&gt;
						&lt;td style="text-align: right; padding-right: 0px"&gt;{% TotalItemsPrice.Format(Currency.CurrencyFormatString)|(encode)true |(identity)GlobalAdministrator|(hash)59b376c5a7d96be8c99ac85e20c64bf253da97d4021d9bbcea35ff29f8883aeb%}&lt;/td&gt;
					&lt;/tr&gt;
					&lt;tr&gt;
					  &lt;td colspan="2" style="padding: 0; text-align: right;"&gt;{% OrderDiscountSummary.Any() ? OrderDiscountSummary.ApplyTransformation("Ecommerce.Transformations.Order_OrderRelatedDiscountsContent", "Ecommerce.Transformations.Order_OrderRelatedDiscountsHeader", "Ecommerce.Transformations.Order_OrderRelatedDiscountsFooter") : "" |(identity)GlobalAdministrator|(hash)51d0072a6ffb6ba99dcdb388ac99b45820b0cb1c51320af616e46024563fadb1%}&lt;/td&gt;
					&lt;/tr&gt;
					&lt;tr&gt;
						&lt;td&gt;Shipping&lt;/td&gt;
						&lt;td style="text-align: right; padding-right: 0px"&gt;{% TotalShipping.Format(Currency.CurrencyFormatString)|(encode)true |(identity)GlobalAdministrator|(hash)d8d341e61e625e50bc5c1084a2c549cdef753b9d09d781bb36f141ce51a4a06e%}&lt;/td&gt;
					&lt;/tr&gt;
					&lt;tr&gt;
						&lt;td colspan="2" style="padding: 0; text-align: right;"&gt;{% OtherPaymentsSummary.Any() ? OtherPaymentsSummary.ApplyTransformation("Ecommerce.Transformations.Order_OrderRelatedDiscountsContent" "Ecommerce.Transformations.Order_OrderRelatedDiscountsHeader" "Ecommerce.Transformations.Order_OrderRelatedDiscountsFooter") : "" |(identity)GlobalAdministrator|(hash)3ba708adb78059f15524d8aaeeaf76e52a693ad282c15563c002851815646e2e%}&lt;/td&gt;
					&lt;/tr&gt;
					&lt;tr&gt;
						&lt;td&gt;&lt;span style="color:black; font-weight:bold"&gt;TOTAL (incl. tax):&lt;/span&gt;&lt;/td&gt;
						&lt;td style="text-align: right; padding-right: 0px; color:black; font-weight:bold"&gt;{% GrandTotal.Format(Currency.CurrencyFormatString)|(encode)true |(identity)GlobalAdministrator|(hash)17bddf2c1b83f1643b46cc24eecdcb66c0c893c1dbc80a1c3f1ac57bd591bf00%}&lt;/td&gt;
					&lt;/tr&gt;
				&lt;/tbody&gt;
			&lt;/table&gt;
			&lt;/td&gt;
		&lt;/tr&gt;
        &lt;tr&gt;
            &lt;td colspan="2"&gt;
            &lt;table width="100%"&gt;
                &lt;tbody&gt;
                    &lt;tr&gt;
                        &lt;td style="text-align: left;"&gt;&lt;span style="font-weight: bold;"&gt;Order note&lt;/span&gt;&lt;/td&gt;
                    &lt;/tr&gt;
                    &lt;tr&gt;
                        &lt;td style="text-align: left;"&gt;{% Order.OrderNote|(encode)true |(identity)GlobalAdministrator|(hash)406aa2c183e3c4dc4a6bc0114b9a55c5cf223486303de866587b532144123ee4%}&lt;/td&gt;
                    &lt;/tr&gt;
                &lt;/tbody&gt;
            &lt;/table&gt;
            &lt;/td&gt;
        &lt;/tr&gt;
    &lt;/tbody&gt;
&lt;/table&gt;
&lt;/body&gt;
&lt;/html&gt;</EmailTemplateText>
    <EmailTemplateGUID>f49163f2-32c3-4c7b-ab1b-c128d621c02f</EmailTemplateGUID>
    <EmailTemplateLastModified>2018-11-27T16:50:24.0422447+01:00</EmailTemplateLastModified>
    <EmailTemplateType>ecommerce</EmailTemplateType>
  </CMS_EmailTemplate>
  <CMS_EmailTemplate>
    <EmailTemplateID>166</EmailTemplateID>
    <EmailTemplateName>Ecommerce.OrderNotificationToCustomer</EmailTemplateName>
    <EmailTemplateDisplayName>E-commerce - Order notification to customer</EmailTemplateDisplayName>
    <EmailTemplateText>&lt;html&gt;&lt;head&gt;&lt;/head&gt;&lt;body&gt;
&lt;p&gt;Thank you for your order. Below you can find the order details.&lt;/p&gt;
&lt;table width="600" cellspacing="0" cellpadding="5" border="1" style="border-color:black;"&gt;
    &lt;tbody&gt;
        &lt;tr&gt;
            &lt;td height="50" valign="bottom" colspan="2"&gt;
            &lt;table width="100%"&gt;
                &lt;tbody&gt;
                    &lt;tr&gt;
                        &lt;td style="text-align: left; vertical-align: bottom;"&gt;&lt;span style="font-size: 18pt;"&gt;Your order&lt;/span&gt;&lt;/td&gt;
                        &lt;td style="text-align: center; vertical-align: middle;"&gt;&lt;span style="font-family: Garamond,Times,serif; font-size: 24pt; font-style: italic;"&gt;Company logo&lt;/span&gt;&lt;/td&gt;
                    &lt;/tr&gt;
                &lt;/tbody&gt;
            &lt;/table&gt;
            &lt;/td&gt;
        &lt;/tr&gt;
        &lt;tr&gt;
			&lt;td style="text-align: left; padding: 8px"&gt;
			&lt;table style="width: 287px; height: 23px"&gt;
				&lt;tbody&gt;
					&lt;tr&gt;
						&lt;td style="text-align: left; color:black; font-weight:bold;"&gt;Invoice number&lt;/td&gt;
						&lt;td style="text-align: right; padding-right: 10px; padding: 8px"&gt;{%Order.OrderInvoiceNumber|(encode)true|(identity)GlobalAdministrator|(hash)40c5a65ed07ad83aca37a43d1196cf2d980cfdf5242e3ab12cf36d95d372d762%}&lt;/td&gt;
					&lt;/tr&gt;
				&lt;/tbody&gt;
			&lt;/table&gt;
			&lt;/td&gt;
			&lt;td style="text-align: left; padding: 8px"&gt;
			&lt;table width="100%"&gt;
				&lt;tbody&gt;
					&lt;tr&gt;
						&lt;td style="text-align: left; color:black; font-weight:bold;"&gt;Order date:&lt;/td&gt;
						&lt;td style="text-align: right; padding: 8px"&gt;{% GetCurrentDateTimeString(Format(Order.OrderDate, "{0:g}"), (Customer.CustomerUser == null) ? "" : Customer.CustomerUser.UserName) |(identity)GlobalAdministrator|(hash)45339dbefd175615ea67b383dd09553e8013d60123a9b3d4d386f4525ef944b0%}&lt;/td&gt;
					&lt;/tr&gt;
				&lt;/tbody&gt;
			&lt;/table&gt;
			&lt;/td&gt;
		&lt;/tr&gt;
		&lt;tr&gt;
			&lt;td style="text-align: left; vertical-align: top; padding: 8px" width="50%"&gt;&lt;span style="color:black; font-weight:bold"&gt;Supplier&lt;/span&gt;&lt;br /&gt;
			&amp;nbsp;
			&lt;table&gt;
				&lt;tbody&gt;
					&lt;tr&gt;
						&lt;td&gt;Company address&lt;/td&gt;
					&lt;/tr&gt;
				&lt;/tbody&gt;
			&lt;/table&gt;
			&lt;/td&gt;
			&lt;td style="text-align: left; vertical-align: top; padding: 8px" width="50%"&gt;&lt;span style="color:black; font-weight:bold"&gt;Customer &lt;/span&gt;&lt;br /&gt;

			&lt;p&gt;{%BillingAddress.ApplyTransformation("Ecommerce.Transformations.Order_Address") |(user)administrator|(hash)9e5056afdf5f5f09df7afb09910a29bba0a021b78146c08716d7d9947b7db6e5%}&lt;/p&gt;
			&lt;/td&gt;
		&lt;/tr&gt;
		&lt;tr&gt;
			&lt;td colspan="2"&gt;
			&lt;table width="100%"&gt;
				&lt;tbody&gt;
					&lt;tr&gt;
						&lt;td style="text-align: left; padding: 8px"&gt;&lt;span style="color:black; font-weight:bold"&gt;Payment option&lt;/span&gt;&lt;/td&gt;
						&lt;td style="text-align: left; padding: 8px"&gt;{%PaymentOption.PaymentOptionDisplayName |(user)administrator|(hash)8f094e39bdccceaf91fac0de019271110f159122257f0f60c8c04d6e3e853635%}&lt;/td&gt;
					&lt;/tr&gt;
				&lt;/tbody&gt;
			&lt;/table&gt;
			&lt;/td&gt;
		&lt;/tr&gt;
		&lt;tr&gt;
			&lt;td colspan="2" style="text-align: left; padding: 8px"&gt;{%ContentTable.ApplyTransformation("Ecommerce.Transformations.Order_ContentTable", "Ecommerce.Transformations.Order_ContentTableHeader", "Ecommerce.Transformations.Order_ContentTableFooter") |(user)administrator|(hash)da19121ca3732e2eb733dba44d967b40565cba132022dddcbd78f6442f13caf9%} 
			&lt;hr size="1" /&gt;
			&lt;table cellpadding="5" width="50%" style="float: right;"&gt;
				&lt;tbody&gt;
					&lt;tr&gt;
						&lt;td&gt;Subtotal&lt;/td&gt;
						&lt;td style="text-align: right; padding-right: 0px"&gt;{% TotalItemsPrice.Format(Currency.CurrencyFormatString)|(encode)true |(identity)GlobalAdministrator|(hash)59b376c5a7d96be8c99ac85e20c64bf253da97d4021d9bbcea35ff29f8883aeb%}&lt;/td&gt;
					&lt;/tr&gt;
					&lt;tr&gt;
					  &lt;td colspan="2" style="padding: 0; text-align: right;"&gt;{% OrderDiscountSummary.Any() ? OrderDiscountSummary.ApplyTransformation("Ecommerce.Transformations.Order_OrderRelatedDiscountsContent", "Ecommerce.Transformations.Order_OrderRelatedDiscountsHeader", "Ecommerce.Transformations.Order_OrderRelatedDiscountsFooter") : "" |(identity)GlobalAdministrator|(hash)51d0072a6ffb6ba99dcdb388ac99b45820b0cb1c51320af616e46024563fadb1%}&lt;/td&gt;
					&lt;/tr&gt;
					&lt;tr&gt;
						&lt;td&gt;Shipping&lt;/td&gt;
						&lt;td style="text-align: right; padding-right: 0px"&gt;{% TotalShipping.Format(Currency.CurrencyFormatString)|(encode)true |(identity)GlobalAdministrator|(hash)d8d341e61e625e50bc5c1084a2c549cdef753b9d09d781bb36f141ce51a4a06e%}&lt;/td&gt;
					&lt;/tr&gt;
                    &lt;tr&gt;
						&lt;td colspan="2" style="padding: 0; text-align: right;"&gt;{% OtherPaymentsSummary.Any() ? OtherPaymentsSummary.ApplyTransformation("Ecommerce.Transformations.Order_OrderRelatedDiscountsContent", "Ecommerce.Transformations.Order_OrderRelatedDiscountsHeader", "Ecommerce.Transformations.Order_OrderRelatedDiscountsFooter") : "" |(identity)GlobalAdministrator|(hash)f07b84559f020561df094d9bfd66e94cb4456c62779c3f00b1df838a14524873%}&lt;/td&gt;
					&lt;/tr&gt;
					&lt;tr&gt;
						&lt;td&gt;&lt;span style="color:black; font-weight:bold"&gt;TOTAL (incl. tax):&lt;/span&gt;&lt;/td&gt;
						&lt;td style="text-align: right; padding-right: 0px; color:black; font-weight:bold"&gt;{% GrandTotal.Format(Currency.CurrencyFormatString)|(encode)true|(identity)GlobalAdministrator|(hash)58366dbcab936af38ea119f1ed853e8ab1e68a4766fdc59501f629e84d9c6b16%}&lt;/td&gt;
					&lt;/tr&gt;
				&lt;/tbody&gt;
			&lt;/table&gt;
			&lt;/td&gt;
		&lt;/tr&gt;
        &lt;tr&gt;
            &lt;td colspan="2"&gt;
            &lt;table width="100%"&gt;
                &lt;tbody&gt;
                    &lt;tr&gt;
                        &lt;td style="text-align: left;"&gt;&lt;span style="font-weight: bold;"&gt;Order note&lt;/span&gt;&lt;/td&gt;
                    &lt;/tr&gt;
                    &lt;tr&gt;
                        &lt;td style="text-align: left;"&gt;{%Order.OrderNote|(encode)true|(identity)GlobalAdministrator|(hash)f7791892ebaad7d8d0493d90a0b21c61c69720a94ffd9af2c7c43358bc687a47%}&lt;/td&gt;
                    &lt;/tr&gt;
                &lt;/tbody&gt;
            &lt;/table&gt;
            &lt;/td&gt;
        &lt;/tr&gt;
    &lt;/tbody&gt;
&lt;/table&gt;
&lt;/body&gt;
&lt;/html&gt;</EmailTemplateText>
    <EmailTemplateGUID>674d1b85-ce19-40bd-b2df-166a5891090a</EmailTemplateGUID>
    <EmailTemplateLastModified>2020-03-29T08:31:47.7626862+02:00</EmailTemplateLastModified>
    <EmailTemplateType>ecommerce</EmailTemplateType>
  </CMS_EmailTemplate>
  <CMS_EmailTemplate>
    <EmailTemplateID>706</EmailTemplateID>
    <EmailTemplateName>Ecommerce.OrderPaymentNotificationToAdmin</EmailTemplateName>
    <EmailTemplateDisplayName>E-commerce - Order payment notification to administrator</EmailTemplateDisplayName>
    <EmailTemplateText>&lt;html&gt;
&lt;head&gt;
&lt;/head&gt;
&lt;body&gt;
    &lt;p&gt;Payment for the order below received.&lt;/p&gt;
    &lt;table cellspacing="0" cellpadding="5" border="1" width="600px" style="border-color: black;"&gt;
        &lt;tr&gt;
            &lt;td colspan="2" valign="bottom" height="50"&gt;
                &lt;table width="100%"&gt;
                    &lt;tr&gt;
                        &lt;td style="text-align: left; vertical-align: bottom;"&gt;
                            &lt;span style="font-size: 18pt"&gt;New order&lt;/span&gt;
                        &lt;/td&gt;
                        &lt;td style="text-align: center; vertical-align: middle;"&gt;
                            &lt;span style="font-family: Garamond Times serif; font-size: 24pt; font-style: italic;"&gt;Company logo&lt;/span&gt;
                        &lt;/td&gt;
                    &lt;/tr&gt;
                &lt;/table&gt;
            &lt;/td&gt;
        &lt;/tr&gt;
        &lt;tr&gt;
			&lt;td style="text-align: left; padding: 8px"&gt;
			&lt;table style="width: 287px; height: 23px"&gt;
				&lt;tbody&gt;
					&lt;tr&gt;
						&lt;td style="text-align: left; color:black; font-weight:bold;"&gt;Invoice number&lt;/td&gt;
						&lt;td style="text-align: right; padding-right: 10px; padding: 8px"&gt;{%Order.OrderInvoiceNumber|(encode)true|(identity)GlobalAdministrator|(hash)40c5a65ed07ad83aca37a43d1196cf2d980cfdf5242e3ab12cf36d95d372d762%}&lt;/td&gt;
					&lt;/tr&gt;
				&lt;/tbody&gt;
			&lt;/table&gt;
			&lt;/td&gt;
			&lt;td style="text-align: left; padding: 8px"&gt;
			&lt;table width="100%"&gt;
				&lt;tbody&gt;
					&lt;tr&gt;
						&lt;td style="text-align: left; color:black; font-weight:bold;"&gt;Order date:&lt;/td&gt;
						&lt;td style="text-align: right; padding: 8px"&gt;{% GetSiteDateTime(Order.OrderDate) |(identity)GlobalAdministrator|(hash)8069bc435c944b5e8c3603a0d5ebc421a411f20d214526fd37d63812b0569720%}&lt;/td&gt;
					&lt;/tr&gt;
				&lt;/tbody&gt;
			&lt;/table&gt;
			&lt;/td&gt;
		&lt;/tr&gt;
		&lt;tr&gt;
			&lt;td style="text-align: left; vertical-align: top; padding: 8px" width="50%"&gt;&lt;span style="color:black; font-weight:bold"&gt;Supplier&lt;/span&gt;&lt;br /&gt;
			&amp;nbsp;
			&lt;table&gt;
				&lt;tbody&gt;
					&lt;tr&gt;
						&lt;td&gt;Company address&lt;/td&gt;
					&lt;/tr&gt;
				&lt;/tbody&gt;
			&lt;/table&gt;
			&lt;/td&gt;
			&lt;td style="text-align: left; vertical-align: top; padding: 8px" width="50%"&gt;&lt;span style="color:black; font-weight:bold"&gt;Customer &lt;/span&gt;&lt;br /&gt;

			&lt;p&gt;{%BillingAddress.ApplyTransformation("Ecommerce.Transformations.Order_Address") |(user)administrator|(hash)9e5056afdf5f5f09df7afb09910a29bba0a021b78146c08716d7d9947b7db6e5%}&lt;/p&gt;
			&lt;/td&gt;
		&lt;/tr&gt;
		&lt;tr&gt;
			&lt;td colspan="2"&gt;
			&lt;table width="100%"&gt;
				&lt;tbody&gt;
					&lt;tr&gt;
						&lt;td style="text-align: left; padding: 8px"&gt;&lt;span style="color:black; font-weight:bold"&gt;Payment option&lt;/span&gt;&lt;/td&gt;
						&lt;td style="text-align: left; padding: 8px"&gt;{%PaymentOption.PaymentOptionDisplayName |(user)administrator|(hash)8f094e39bdccceaf91fac0de019271110f159122257f0f60c8c04d6e3e853635%}&lt;/td&gt;
					&lt;/tr&gt;
				&lt;/tbody&gt;
			&lt;/table&gt;
			&lt;/td&gt;
		&lt;/tr&gt;
		&lt;tr&gt;
			&lt;td colspan="2" style="text-align: left; padding: 8px"&gt;{%ContentTable.ApplyTransformation("Ecommerce.Transformations.Order_ContentTable", "Ecommerce.Transformations.Order_ContentTableHeader", "Ecommerce.Transformations.Order_ContentTableFooter") |(identity)GlobalAdministrator|(hash)458623d4abe1d4d6c335c15a16e3ca2c3f0aac209182f2ff6cfea5eda80c0c44%} 
			&lt;hr size="1" /&gt;
			&lt;table cellpadding="5" width="50%" style="float: right;"&gt;
				&lt;tbody&gt;
					&lt;tr&gt;
						&lt;td&gt;Subtotal&lt;/td&gt;
						&lt;td style="text-align: right; padding-right: 0px"&gt;{% TotalItemsPrice.Format(Currency.CurrencyFormatString)|(encode)true |(identity)GlobalAdministrator|(hash)59b376c5a7d96be8c99ac85e20c64bf253da97d4021d9bbcea35ff29f8883aeb%}&lt;/td&gt;
					&lt;/tr&gt;
					&lt;tr&gt;
						&lt;td&gt;Shipping&lt;/td&gt;
						&lt;td style="text-align: right; padding-right: 0px"&gt;{% TotalShipping.Format(Currency.CurrencyFormatString)|(encode)true |(identity)GlobalAdministrator|(hash)d8d341e61e625e50bc5c1084a2c549cdef753b9d09d781bb36f141ce51a4a06e%}&lt;/td&gt;
					&lt;/tr&gt;
                    &lt;tr&gt;
						&lt;td colspan="2" style="padding: 0; text-align: right;"&gt;{% OtherPaymentsSummary.Any() ? OtherPaymentsSummary.ApplyTransformation("Ecommerce.Transformations.Order_OrderRelatedDiscountsContent" "Ecommerce.Transformations.Order_OrderRelatedDiscountsHeader" "Ecommerce.Transformations.Order_OrderRelatedDiscountsFooter") : "" |(identity)GlobalAdministrator|(hash)3ba708adb78059f15524d8aaeeaf76e52a693ad282c15563c002851815646e2e%}&lt;/td&gt;
					&lt;/tr&gt;
					&lt;tr&gt;
						&lt;td&gt;&lt;span style="color:black; font-weight:bold"&gt;TOTAL (incl. tax):&lt;/span&gt;&lt;/td&gt;
						&lt;td style="text-align: right; padding-right: 0px; color:black; font-weight:bold"&gt;{% GrandTotal.Format(Currency.CurrencyFormatString)|(encode)true|(identity)GlobalAdministrator|(hash)58366dbcab936af38ea119f1ed853e8ab1e68a4766fdc59501f629e84d9c6b16%}&lt;/td&gt;
					&lt;/tr&gt;
				&lt;/tbody&gt;
			&lt;/table&gt;
			&lt;/td&gt;
		&lt;/tr&gt;
        &lt;tr&gt;
            &lt;td colspan="2"&gt;
                &lt;table width="100%"&gt;
                    &lt;tr&gt;
                        &lt;td style="text-align: left"&gt;
                            &lt;span style="font-weight: bold"&gt;Order note &lt;/span&gt;
                        &lt;/td&gt;
                    &lt;/tr&gt;
                    &lt;tr&gt;
                        &lt;td style="text-align: left"&gt;{%Order.OrderNote|(encode)true|(identity)GlobalAdministrator|(hash)f7791892ebaad7d8d0493d90a0b21c61c69720a94ffd9af2c7c43358bc687a47%}
                        &lt;/td&gt;
                    &lt;/tr&gt;
                &lt;/table&gt;
            &lt;/td&gt;
        &lt;/tr&gt;
    &lt;/table&gt;
&lt;/body&gt;
&lt;/html&gt;</EmailTemplateText>
    <EmailTemplateGUID>7b821e4a-d695-42a7-85f2-1ca14c208953</EmailTemplateGUID>
    <EmailTemplateLastModified>2018-11-27T16:50:24.0734747+01:00</EmailTemplateLastModified>
    <EmailTemplateType>ecommerce</EmailTemplateType>
  </CMS_EmailTemplate>
  <CMS_EmailTemplate>
    <EmailTemplateID>707</EmailTemplateID>
    <EmailTemplateName>Ecommerce.OrderPaymentNotificationToCustomer</EmailTemplateName>
    <EmailTemplateDisplayName>E-commerce - Order payment notification to customer</EmailTemplateDisplayName>
    <EmailTemplateText>&lt;html&gt;
&lt;head&gt;
&lt;/head&gt;
&lt;body&gt;
    &lt;p&gt;We have received your payment for the order below:&lt;/p&gt;
    &lt;table cellspacing="0" cellpadding="5" border="1" width="600px" style="border-color: black;"&gt;
        &lt;tr&gt;
            &lt;td colspan="2" valign="bottom" height="50"&gt;
                &lt;table width="100%"&gt;
                    &lt;tr&gt;
                        &lt;td style="text-align: left; vertical-align: bottom;"&gt;
                            &lt;span style="font-size: 18pt"&gt;Your order&lt;/span&gt;
                        &lt;/td&gt;
                        &lt;td style="text-align: center; vertical-align: middle;"&gt;
                            &lt;span style="font-family: Garamond, Times, serif; font-size: 24pt; font-style: italic;"&gt;Company logo&lt;/span&gt;
                        &lt;/td&gt;
                    &lt;/tr&gt;
                &lt;/table&gt;
            &lt;/td&gt;
        &lt;/tr&gt;
        &lt;tr&gt;
			&lt;td style="text-align: left; padding: 8px"&gt;
			&lt;table style="width: 287px; height: 23px"&gt;
				&lt;tbody&gt;
					&lt;tr&gt;
						&lt;td style="text-align: left; color:black; font-weight:bold;"&gt;Invoice number&lt;/td&gt;
						&lt;td style="text-align: right; padding-right: 10px; padding: 8px"&gt;{%Order.OrderInvoiceNumber|(encode)true |(identity)GlobalAdministrator|(hash)3b3f21c327b8ccbc04c0d97c2a2575730961b7d18f5c4ef11d5120e620c6cc68%}&lt;/td&gt;
					&lt;/tr&gt;
				&lt;/tbody&gt;
			&lt;/table&gt;
			&lt;/td&gt;
			&lt;td style="text-align: left; padding: 8px"&gt;
			&lt;table width="100%"&gt;
				&lt;tbody&gt;
					&lt;tr&gt;
						&lt;td style="text-align: left; color:black; font-weight:bold;"&gt;Order date:&lt;/td&gt;
						&lt;td style="text-align: right; padding: 8px"&gt;{% GetCurrentDateTimeString(Format(Order.OrderDate, "{0:g}"), (Customer.CustomerUser == null) ? "" : Customer.CustomerUser.UserName) |(identity)GlobalAdministrator|(hash)45339dbefd175615ea67b383dd09553e8013d60123a9b3d4d386f4525ef944b0%}&lt;/td&gt;
					&lt;/tr&gt;
				&lt;/tbody&gt;
			&lt;/table&gt;
			&lt;/td&gt;
		&lt;/tr&gt;
		&lt;tr&gt;
			&lt;td style="text-align: left; vertical-align: top; padding: 8px" width="50%"&gt;&lt;span style="color:black; font-weight:bold"&gt;Supplier&lt;/span&gt;&lt;br /&gt;
			&amp;nbsp;
			&lt;table&gt;
				&lt;tbody&gt;
					&lt;tr&gt;
						&lt;td&gt;Company address&lt;/td&gt;
					&lt;/tr&gt;
				&lt;/tbody&gt;
			&lt;/table&gt;
			&lt;/td&gt;
			&lt;td style="text-align: left; vertical-align: top; padding: 8px" width="50%"&gt;&lt;span style="color:black; font-weight:bold"&gt;Customer &lt;/span&gt;&lt;br /&gt;

			&lt;p&gt;{%BillingAddress.ApplyTransformation("Ecommerce.Transformations.Order_Address") |(identity)GlobalAdministrator|(hash)7f905e0139e9c41b9ed66cfe4d1a472cfbea58cb7dbed895b336c75eae2c864a%}&lt;/p&gt;
			&lt;/td&gt;
		&lt;/tr&gt;
		&lt;tr&gt;
			&lt;td colspan="2"&gt;
			&lt;table width="100%"&gt;
				&lt;tbody&gt;
					&lt;tr&gt;
						&lt;td style="text-align: left; padding: 8px"&gt;&lt;span style="color:black; font-weight:bold"&gt;Payment option&lt;/span&gt;&lt;/td&gt;
						&lt;td style="text-align: left; padding: 8px"&gt;{%PaymentOption.PaymentOptionDisplayName |(identity)GlobalAdministrator|(hash)805f4c00c340c64f427e3ce060397dfe8c3dffd915038b0ad2ee1ffed9d94f62%}&lt;/td&gt;
					&lt;/tr&gt;
				&lt;/tbody&gt;
			&lt;/table&gt;
			&lt;/td&gt;
		&lt;/tr&gt;
		&lt;tr&gt;
			&lt;td colspan="2" style="text-align: left; padding: 8px"&gt;{%ContentTable.ApplyTransformation("Ecommerce.Transformations.Order_ContentTable", "Ecommerce.Transformations.Order_ContentTableHeader", "Ecommerce.Transformations.Order_ContentTableFooter") |(user)administrator|(hash)da19121ca3732e2eb733dba44d967b40565cba132022dddcbd78f6442f13caf9%} 
			&lt;hr size="1" /&gt;
			&lt;table cellpadding="5" width="50%" style="float: right;"&gt;
				&lt;tbody&gt;
					&lt;tr&gt;
						&lt;td&gt;Subtotal&lt;/td&gt;
						&lt;td style="text-align: right; padding-right: 0px"&gt;{% TotalItemsPrice.Format(Currency.CurrencyFormatString)|(encode)true |(identity)GlobalAdministrator|(hash)59b376c5a7d96be8c99ac85e20c64bf253da97d4021d9bbcea35ff29f8883aeb%}&lt;/td&gt;
					&lt;/tr&gt;
					&lt;tr&gt;
						&lt;td&gt;Shipping&lt;/td&gt;
						&lt;td style="text-align: right; padding-right: 0px"&gt;{% TotalShipping.Format(Currency.CurrencyFormatString)|(encode)true |(identity)GlobalAdministrator|(hash)d8d341e61e625e50bc5c1084a2c549cdef753b9d09d781bb36f141ce51a4a06e%}&lt;/td&gt;
					&lt;/tr&gt;
                    &lt;tr&gt;
						&lt;td colspan="2" style="padding: 0; text-align: right;"&gt;{% OtherPaymentsSummary.Any() ? OtherPaymentsSummary.ApplyTransformation("Ecommerce.Transformations.Order_OrderRelatedDiscountsContent", "Ecommerce.Transformations.Order_OrderRelatedDiscountsHeader", "Ecommerce.Transformations.Order_OrderRelatedDiscountsFooter") : "" |(identity)GlobalAdministrator|(hash)f07b84559f020561df094d9bfd66e94cb4456c62779c3f00b1df838a14524873%}&lt;/td&gt;
					&lt;/tr&gt;
					&lt;tr&gt;
						&lt;td&gt;&lt;span style="color:black; font-weight:bold"&gt;TOTAL (incl. tax):&lt;/span&gt;&lt;/td&gt;
						&lt;td style="text-align: right; padding-right: 0px; color:black; font-weight:bold"&gt;{% GrandTotal.Format(Currency.CurrencyFormatString)|(encode)true |(identity)GlobalAdministrator|(hash)17bddf2c1b83f1643b46cc24eecdcb66c0c893c1dbc80a1c3f1ac57bd591bf00%}&lt;/td&gt;
					&lt;/tr&gt;
				&lt;/tbody&gt;
			&lt;/table&gt;
			&lt;/td&gt;
		&lt;/tr&gt;
        &lt;tr&gt;
            &lt;td colspan="2"&gt;
                &lt;table width="100%"&gt;
                    &lt;tr&gt;
                        &lt;td style="text-align: left"&gt;
                            &lt;span style="font-weight: bold"&gt;Order note &lt;/span&gt;
                        &lt;/td&gt;
                    &lt;/tr&gt;
                    &lt;tr&gt;
                        &lt;td style="text-align: left"&gt;{% Order.OrderNote|(encode)true |(identity)GlobalAdministrator|(hash)406aa2c183e3c4dc4a6bc0114b9a55c5cf223486303de866587b532144123ee4%}
                        &lt;/td&gt;
                    &lt;/tr&gt;
                &lt;/table&gt;
            &lt;/td&gt;
        &lt;/tr&gt;
    &lt;/table&gt;

    {% if (EproductsTable != null &amp;&amp; EproductsTable.Any()) { %}
      &lt;p&gt;Your &lt;b&gt;e-products download links were activated&lt;/b&gt;, please download the files before their expiration. Once the files expire, you won't be able to download them.&lt;/p&gt;
      {% EproductsTable.ApplyTransformation("Ecommerce.Transformations.Order_EproductsTable") %}
    {% } |(identity)GlobalAdministrator|(hash)fa2b31f914d6dfb46adbca7f370b90764ddeae34650694c71bb676ac644f86cd%}

&lt;/body&gt;
&lt;/html&gt;</EmailTemplateText>
    <EmailTemplateGUID>5da46ce2-23bf-4c2e-9dbb-22d67c550399</EmailTemplateGUID>
    <EmailTemplateLastModified>2018-11-27T16:50:24.087888+01:00</EmailTemplateLastModified>
    <EmailTemplateType>ecommerce</EmailTemplateType>
  </CMS_EmailTemplate>
  <CMS_EmailTemplate>
    <EmailTemplateID>731</EmailTemplateID>
    <EmailTemplateName>Ecommerce.OrderStatusNotificationToAdmin</EmailTemplateName>
    <EmailTemplateDisplayName>E-commerce - Order status notification to administrator</EmailTemplateDisplayName>
    <EmailTemplateText>&lt;html&gt;
&lt;head&gt;
&lt;/head&gt;
&lt;body&gt;
    &lt;p&gt;Status of the order bellow has changed&lt;/p&gt;
    &lt;table cellspacing="0" cellpadding="5" border="1" width="600px" style="border-color: black;"&gt;
        &lt;tr&gt;
            &lt;td colspan="2" valign="bottom" height="50"&gt;
                &lt;table width="100%"&gt;
                    &lt;tr&gt;
                        &lt;td style="text-align: left; vertical-align: bottom;"&gt;
                            &lt;span style="font-size: 18pt"&gt;New order&lt;/span&gt;
                        &lt;/td&gt;
                        &lt;td style="text-align: center; vertical-align: middle;"&gt;
                            &lt;span style="font-family: Garamond Times serif; font-size: 24pt; font-style: italic;"&gt;Company logo&lt;/span&gt;
                        &lt;/td&gt;
                    &lt;/tr&gt;
                &lt;/table&gt;
            &lt;/td&gt;
        &lt;/tr&gt;
        &lt;tr&gt;
			&lt;td style="text-align: left; padding: 8px"&gt;
			&lt;table style="width: 287px; height: 23px"&gt;
				&lt;tbody&gt;
					&lt;tr&gt;
						&lt;td style="text-align: left; color:black; font-weight:bold;"&gt;Invoice number&lt;/td&gt;
						&lt;td style="text-align: right; padding-right: 10px; padding: 8px"&gt;{%Order.OrderInvoiceNumber|(encode)true |(identity)GlobalAdministrator|(hash)3b3f21c327b8ccbc04c0d97c2a2575730961b7d18f5c4ef11d5120e620c6cc68%}&lt;/td&gt;
					&lt;/tr&gt;
				&lt;/tbody&gt;
			&lt;/table&gt;
			&lt;/td&gt;
			&lt;td style="text-align: left; padding: 8px"&gt;
			&lt;table width="100%"&gt;
				&lt;tbody&gt;
					&lt;tr&gt;
						&lt;td style="text-align: left; color:black; font-weight:bold;"&gt;Order date:&lt;/td&gt;
						&lt;td style="text-align: right; padding: 8px"&gt;{% GetSiteDateTime(Order.OrderDate) |(identity)GlobalAdministrator|(hash)8069bc435c944b5e8c3603a0d5ebc421a411f20d214526fd37d63812b0569720%}&lt;/td&gt;
					&lt;/tr&gt;
				&lt;/tbody&gt;
			&lt;/table&gt;
			&lt;/td&gt;
		&lt;/tr&gt;
		&lt;tr&gt;
			&lt;td style="text-align: left; vertical-align: top; padding: 8px" width="50%"&gt;&lt;span style="color:black; font-weight:bold"&gt;Supplier&lt;/span&gt;&lt;br /&gt;
			&amp;nbsp;
			&lt;table&gt;
				&lt;tbody&gt;
					&lt;tr&gt;
						&lt;td&gt;Company address&lt;/td&gt;
					&lt;/tr&gt;
				&lt;/tbody&gt;
			&lt;/table&gt;
			&lt;/td&gt;
			&lt;td style="text-align: left; vertical-align: top; padding: 8px" width="50%"&gt;&lt;span style="color:black; font-weight:bold"&gt;Customer &lt;/span&gt;&lt;br /&gt;

			&lt;p&gt;{%BillingAddress.ApplyTransformation("Ecommerce.Transformations.Order_Address") |(user)administrator|(hash)9e5056afdf5f5f09df7afb09910a29bba0a021b78146c08716d7d9947b7db6e5%}&lt;/p&gt;
			&lt;/td&gt;
		&lt;/tr&gt;
		&lt;tr&gt;
			&lt;td colspan="2"&gt;
			&lt;table width="100%"&gt;
				&lt;tbody&gt;
					&lt;tr&gt;
						&lt;td style="text-align: left; padding: 8px"&gt;&lt;span style="color:black; font-weight:bold"&gt;Payment option&lt;/span&gt;&lt;/td&gt;
						&lt;td style="text-align: left; padding: 8px"&gt;{%PaymentOption.PaymentOptionDisplayName |(user)administrator|(hash)8f094e39bdccceaf91fac0de019271110f159122257f0f60c8c04d6e3e853635%}&lt;/td&gt;
					&lt;/tr&gt;
				&lt;/tbody&gt;
			&lt;/table&gt;
			&lt;/td&gt;
		&lt;/tr&gt;
		&lt;tr&gt;
			&lt;td colspan="2" style="text-align: left; padding: 8px"&gt;{%ContentTable.ApplyTransformation("Ecommerce.Transformations.Order_ContentTable", "Ecommerce.Transformations.Order_ContentTableHeader", "Ecommerce.Transformations.Order_ContentTableFooter") |(identity)GlobalAdministrator|(hash)458623d4abe1d4d6c335c15a16e3ca2c3f0aac209182f2ff6cfea5eda80c0c44%} 
			&lt;hr size="1" /&gt;
			&lt;table cellpadding="5" width="50%" style="float: right;"&gt;
				&lt;tbody&gt;
					&lt;tr&gt;
						&lt;td&gt;Subtotal&lt;/td&gt;
						&lt;td style="text-align: right; padding-right: 0px"&gt;{% TotalItemsPrice.Format(Currency.CurrencyFormatString)|(encode)true |(identity)GlobalAdministrator|(hash)59b376c5a7d96be8c99ac85e20c64bf253da97d4021d9bbcea35ff29f8883aeb%}&lt;/td&gt;
					&lt;/tr&gt;
					&lt;tr&gt;
						&lt;td&gt;Shipping&lt;/td&gt;
						&lt;td style="text-align: right; padding-right: 0px"&gt;{% TotalShipping.Format(Currency.CurrencyFormatString)|(encode)true |(identity)GlobalAdministrator|(hash)d8d341e61e625e50bc5c1084a2c549cdef753b9d09d781bb36f141ce51a4a06e%}&lt;/td&gt;
					&lt;/tr&gt;
                    &lt;tr&gt;
						&lt;td colspan="2" style="padding: 0; text-align: right;"&gt;{% OtherPaymentsSummary.Any() ? OtherPaymentsSummary.ApplyTransformation("Ecommerce.Transformations.Order_OrderRelatedDiscountsContent" "Ecommerce.Transformations.Order_OrderRelatedDiscountsHeader" "Ecommerce.Transformations.Order_OrderRelatedDiscountsFooter") : "" |(identity)GlobalAdministrator|(hash)3ba708adb78059f15524d8aaeeaf76e52a693ad282c15563c002851815646e2e%}&lt;/td&gt;
					&lt;/tr&gt;
					&lt;tr&gt;
						&lt;td&gt;&lt;span style="color:black; font-weight:bold"&gt;TOTAL (incl. tax):&lt;/span&gt;&lt;/td&gt;
						&lt;td style="text-align: right; padding-right: 0px; color:black; font-weight:bold"&gt;{% GrandTotal.Format(Currency.CurrencyFormatString)|(encode)true|(identity)GlobalAdministrator|(hash)58366dbcab936af38ea119f1ed853e8ab1e68a4766fdc59501f629e84d9c6b16%}&lt;/td&gt;
					&lt;/tr&gt;
				&lt;/tbody&gt;
			&lt;/table&gt;
			&lt;/td&gt;
		&lt;/tr&gt;
        &lt;tr&gt;
            &lt;td colspan="2"&gt;
                &lt;table width="100%"&gt;
                    &lt;tr&gt;
                        &lt;td style="text-align: left"&gt;
                            &lt;span style="font-weight: bold"&gt;Order note &lt;/span&gt;
                        &lt;/td&gt;
                    &lt;/tr&gt;
                    &lt;tr&gt;
                        &lt;td style="text-align: left"&gt;{% Order.OrderNote|(encode)true|(identity)GlobalAdministrator|(hash)923983a6102a9bc7f0e6633319e6fd79bef0f9119751a2d472a11302d6ad745d%}
                        &lt;/td&gt;
                    &lt;/tr&gt;
                &lt;/table&gt;
            &lt;/td&gt;
        &lt;/tr&gt;
    &lt;/table&gt;
&lt;/body&gt;
&lt;/html&gt;</EmailTemplateText>
    <EmailTemplateGUID>a32836fb-5d7e-4e71-9dcf-33bc920859b6</EmailTemplateGUID>
    <EmailTemplateLastModified>2018-11-27T16:50:24.1055133+01:00</EmailTemplateLastModified>
    <EmailTemplateType>ecommerce</EmailTemplateType>
  </CMS_EmailTemplate>
  <CMS_EmailTemplate>
    <EmailTemplateID>732</EmailTemplateID>
    <EmailTemplateName>Ecommerce.OrderStatusNotificationToCustomer</EmailTemplateName>
    <EmailTemplateDisplayName>E-commerce - Order status notification to customer</EmailTemplateDisplayName>
    <EmailTemplateText>&lt;html&gt;
&lt;head&gt;
&lt;/head&gt;
&lt;body&gt;
    &lt;p&gt;Status of your order has changed.&lt;/p&gt;
    &lt;table cellspacing="0" cellpadding="5" border="1" width="600px" style="border-color: black;"&gt;
        &lt;tr&gt;
            &lt;td colspan="2" valign="bottom" height="50"&gt;
                &lt;table width="100%"&gt;
                    &lt;tr&gt;
                        &lt;td style="text-align: left; vertical-align: bottom;"&gt;
                            &lt;span style="font-size: 18pt"&gt;Your order&lt;/span&gt;
                        &lt;/td&gt;
                        &lt;td style="text-align: center; vertical-align: middle;"&gt;
                            &lt;span style="font-family: Garamond, Times, serif; font-size: 24pt; font-style: italic;"&gt;Company logo&lt;/span&gt;
                        &lt;/td&gt;
                    &lt;/tr&gt;
                &lt;/table&gt;
            &lt;/td&gt;
        &lt;/tr&gt;
        &lt;tr&gt;
            &lt;td style="text-align: left"&gt;
                &lt;br /&gt;
                &lt;table width="100%"&gt;
                    &lt;tr&gt;
                        &lt;td style="text-align: left;" valign="bottom"&gt;
                            &lt;strong&gt;Invoice number:&lt;/strong&gt;
                        &lt;/td&gt;
                        &lt;td style="text-align: right; padding-right: 10px"&gt;{%Order.OrderInvoiceNumber|(user)administrator|(hash)72774e4b93958bf260a83dd25c9a1d3f46dcfb9047f605a160284f798e1c76cc%}
                        &lt;/td&gt;
                    &lt;/tr&gt;
                &lt;/table&gt;
                &lt;br /&gt;
            &lt;/td&gt;
            &lt;td style="text-align: left"&gt;
                &lt;br /&gt;
                &lt;table width="100%"&gt;
                    &lt;tr&gt;
                        &lt;td style="text-align: left;" valign="bottom"&gt;
                            &lt;strong&gt;Order date:&lt;/strong&gt;
                        &lt;/td&gt;
                        &lt;td style="text-align: right; padding-right: 10px"&gt;{% GetCurrentDateTimeString(Format(Order.OrderDate, "{0:g}"), (Customer.CustomerUser == null) ? "" : Customer.CustomerUser.UserName)|(identity)GlobalAdministrator|(hash)f4c29c2094bda9948f62a4cda03da2938440dea73257c3e140df59eb8beddb37%}
                        &lt;/td&gt;
                    &lt;/tr&gt;
                    &lt;tr&gt;
                        &lt;td style="text-align: left;" valign="bottom"&gt;
                            &lt;strong&gt;Order status:&lt;/strong&gt;
                        &lt;/td&gt;
                        &lt;td style="text-align: right; padding-right: 10px"&gt;{%GetResourceString(OrderStatus.StatusDisplayName)|(user)administrator|(hash)98a75621e24f8c4a670613772bdff3a3a1e6e362b98b546501fd2d475840297a%}
                        &lt;/td&gt;
                    &lt;/tr&gt;
                &lt;/table&gt;
                &lt;br /&gt;
            &lt;/td&gt;
        &lt;/tr&gt;
        &lt;tr&gt;
            &lt;td style="text-align: left; vertical-align: top" width="50%"&gt;
                &lt;strong&gt;Supplier&lt;/strong&gt;
                &lt;br /&gt;
                &lt;br /&gt;
                &lt;table&gt;
                    &lt;tr&gt;
                        &lt;td&gt;Company address
                        &lt;/td&gt;
                    &lt;/tr&gt;
                &lt;/table&gt;
                &lt;br /&gt;
            &lt;/td&gt;
            &lt;td style="text-align: left; vertical-align: top" width="50%"&gt;
                &lt;span style="font-weight: bold"&gt;Customer &lt;/span&gt;
                &lt;br /&gt;
                &lt;br /&gt;
                {%BillingAddress.ApplyTransformation("Ecommerce.Transformations.Order_Address")|(user)administrator|(hash)12fef2acb2dbbdca6fb66d57b7d661c3ceb20790f1293541af4728f9a482e7c0%}
      &lt;br /&gt;
                &lt;strong&gt;Company address:&lt;/strong&gt;
                {%CompanyAddress.ApplyTransformation("Ecommerce.Transformations.Order_Address")|(user)administrator|(hash)236ecc717d7fb8b01a9e8ec4169730cffcf154c400b4795749fc4bb1dd76eff1%}
      &lt;br /&gt;
            &lt;/td&gt;
        &lt;/tr&gt;
        &lt;tr&gt;
            &lt;td colspan="2"&gt;
                &lt;table width="100%"&gt;
                    &lt;tr&gt;
                        &lt;td style="text-align: left"&gt;
                            &lt;span style="font-weight: bold"&gt;Payment option &lt;/span&gt;
                        &lt;/td&gt;
                    &lt;/tr&gt;
                    &lt;tr&gt;
                        &lt;td style="text-align: center"&gt;{%GetResourceString(PaymentOption.PaymentOptionDisplayName)|(user)administrator|(hash)3e9c6690bea3aa2a7a83c68479ab34a42db2adf25c075cadee5801001da37785%}
                        &lt;/td&gt;
                    &lt;/tr&gt;
                &lt;/table&gt;
            &lt;/td&gt;
        &lt;/tr&gt;
        &lt;tr&gt;
            &lt;td colspan="2"&gt;
                &lt;table width="100%"&gt;
                    &lt;tr&gt;
                        &lt;td style="text-align: left"&gt;
                            &lt;span style="font-weight: bold"&gt;Shipping option &lt;/span&gt;
                        &lt;/td&gt;
                    &lt;/tr&gt;
                    &lt;tr&gt;
                        &lt;td style="text-align: center"&gt;{%GetResourceString(ShippingOption.ShippingOptionDisplayName)|(user)administrator|(hash)9c09e1de8f8a660ebb2f775bd1a1cc3f836cf1cb4951acaeb6740f23a0dbb04e%}
                        &lt;/td&gt;
                    &lt;/tr&gt;
                &lt;/table&gt;
            &lt;/td&gt;
        &lt;/tr&gt;

        &lt;tr&gt;
            &lt;td colspan="2" style="text-align: left; padding: 8px"&gt;{%ContentTable.ApplyTransformation("Ecommerce.Transformations.Order_ContentTable", "Ecommerce.Transformations.Order_ContentTableHeader", "Ecommerce.Transformations.Order_ContentTableFooter") |(user)administrator|(hash)da19121ca3732e2eb733dba44d967b40565cba132022dddcbd78f6442f13caf9%} 
			&lt;hr size="1" /&gt;
                &lt;table cellpadding="5" width="50%" style="float: right;"&gt;
                    &lt;tbody&gt;
                        &lt;tr&gt;
                            &lt;td&gt;Subtotal&lt;/td&gt;
                            &lt;td style="text-align: right; padding-right: 0px"&gt;{% TotalItemsPrice.Format(Currency.CurrencyFormatString)|(encode)true |(identity)GlobalAdministrator|(hash)59b376c5a7d96be8c99ac85e20c64bf253da97d4021d9bbcea35ff29f8883aeb%}&lt;/td&gt;
                        &lt;/tr&gt;
                        &lt;tr&gt;
                            &lt;td&gt;Shipping&lt;/td&gt;
                            &lt;td style="text-align: right; padding-right: 0px"&gt;{% TotalShipping.Format(Currency.CurrencyFormatString)|(encode)true |(identity)GlobalAdministrator|(hash)d8d341e61e625e50bc5c1084a2c549cdef753b9d09d781bb36f141ce51a4a06e%}&lt;/td&gt;
                        &lt;/tr&gt;
                       &lt;tr&gt;
                            &lt;td colspan="2" style="padding: 0; text-align: right;"&gt;{% OtherPaymentsSummary.Any() ? OtherPaymentsSummary.ApplyTransformation("Ecommerce.Transformations.Order_OrderRelatedDiscountsContent", "Ecommerce.Transformations.Order_OrderRelatedDiscountsHeader", "Ecommerce.Transformations.Order_OrderRelatedDiscountsFooter") : "" |(identity)GlobalAdministrator|(hash)f07b84559f020561df094d9bfd66e94cb4456c62779c3f00b1df838a14524873%}&lt;/td&gt;
                        &lt;/tr&gt;
                        &lt;tr&gt;
                            &lt;td&gt;&lt;span style="color: black; font-weight: bold"&gt;TOTAL (incl. tax):&lt;/span&gt;&lt;/td&gt;
                            &lt;td style="text-align: right; padding-right: 0px; color: black; font-weight: bold"&gt;{% GrandTotal.Format(Currency.CurrencyFormatString)|(encode)true|(identity)GlobalAdministrator|(hash)58366dbcab936af38ea119f1ed853e8ab1e68a4766fdc59501f629e84d9c6b16%}&lt;/td&gt;
                        &lt;/tr&gt;
                    &lt;/tbody&gt;
                &lt;/table&gt;
            &lt;/td&gt;
        &lt;/tr&gt;
        &lt;tr&gt;
            &lt;td colspan="2"&gt;
                &lt;table width="100%"&gt;
                    &lt;tr&gt;
                        &lt;td style="text-align: left"&gt;
                            &lt;span style="font-weight: bold"&gt;Order note &lt;/span&gt;
                        &lt;/td&gt;
                    &lt;/tr&gt;
                    &lt;tr&gt;
                        &lt;td style="text-align: left"&gt;{%Order.OrderNote|(encode)true|(identity)GlobalAdministrator|(hash)f7791892ebaad7d8d0493d90a0b21c61c69720a94ffd9af2c7c43358bc687a47%}
                        &lt;/td&gt;
                    &lt;/tr&gt;
                &lt;/table&gt;
            &lt;/td&gt;
        &lt;/tr&gt;
    &lt;/table&gt;
&lt;/body&gt;
&lt;/html&gt;</EmailTemplateText>
    <EmailTemplateGUID>68ca5608-f80f-4972-88f3-24daaf669c32</EmailTemplateGUID>
    <EmailTemplateLastModified>2018-11-27T16:50:24.1204404+01:00</EmailTemplateLastModified>
    <EmailTemplateType>ecommerce</EmailTemplateType>
  </CMS_EmailTemplate>
  <CMS_EmailTemplate>
    <EmailTemplateID>842</EmailTemplateID>
    <EmailTemplateName>Membership.ChangePasswordRequest</EmailTemplateName>
    <EmailTemplateDisplayName>Membership - Change password request</EmailTemplateDisplayName>
    <EmailTemplateText>&lt;html&gt;
  &lt;head&gt;
  &lt;/head&gt;
  &lt;body style="font-size:12px; font-family: Arial"&gt;
    &lt;p&gt;
      Hi {%User.UserName|(identity)GlobalAdministrator|(hash)598e07317580ed90d5df523b531fbb8a56f71b8da37603b4f85ee8e2ec86a24a%},
    &lt;p&gt;
       You have submitted a request to change your password. Please click &lt;a href="{%ResetPasswordUrl%}"&gt;this link&lt;/a&gt; to generate a new password.
    &lt;/p&gt;
    &lt;p&gt;
       If you want to cancel your request or you did not submit the request please click &lt;a href="{%CancelUrl%}"&gt;this link&lt;/a&gt; to invalidate the resetting link.
    &lt;/p&gt;
    &lt;p&gt;
      This action was requested from IP address: {%IP%}
    &lt;/p&gt;
  &lt;/body&gt;
&lt;/html&gt;
</EmailTemplateText>
    <EmailTemplateGUID>c97cec10-ecac-4f15-ab20-99f5008d49cf</EmailTemplateGUID>
    <EmailTemplateLastModified>2018-11-27T16:50:24.1482616+01:00</EmailTemplateLastModified>
    <EmailTemplatePlainText>Hi {%User.UserName|(identity)GlobalAdministrator|(hash)598e07317580ed90d5df523b531fbb8a56f71b8da37603b4f85ee8e2ec86a24a%},

You have submitted a request to change your password. Please go to the following link {%ResetPasswordUrl%} to generate a new password.

If you want to cancel your request or you did not submit the request please go to the following link {%CancelUrl%} to invalidate the resetting link.

This action was requested from IP address: {%IP%}</EmailTemplatePlainText>
    <EmailTemplateSubject>{$membership.passwreqsubject$}</EmailTemplateSubject>
    <EmailTemplateType>membershipchangepassword</EmailTemplateType>
  </CMS_EmailTemplate>
  <CMS_EmailTemplate>
    <EmailTemplateID>738</EmailTemplateID>
    <EmailTemplateName>Membership.ChangedPassword</EmailTemplateName>
    <EmailTemplateDisplayName>Membership - Changed password</EmailTemplateDisplayName>
    <EmailTemplateText>&lt;html&gt;
&lt;head&gt;
&lt;/head&gt;
&lt;body&gt;
Your password has been changed.&lt;br /&gt;
&lt;p&gt;Your user name and new password are:&lt;/p&gt;
&lt;p&gt;&lt;strong&gt;User name:&lt;/strong&gt; {%UserName%}&lt;br /&gt;
&lt;strong&gt;Password:&lt;/strong&gt; {%Password%}&lt;/p&gt;
&lt;br /&gt;
&lt;p&gt;We recommend changing your password directly after you log in.&lt;/p&gt; 
&lt;br /&gt;
&lt;/body&gt;
&lt;/html&gt;</EmailTemplateText>
    <EmailTemplateGUID>97b2f851-0693-40e6-8be1-6edd27d138d4</EmailTemplateGUID>
    <EmailTemplateLastModified>2018-11-27T16:50:24.1347674+01:00</EmailTemplateLastModified>
    <EmailTemplatePlainText>Your password has been changed.

Your user name and new password are:

User name: {%UserName%}
Password: {%Password%}

We recommend changing your password directly after you log in.
</EmailTemplatePlainText>
    <EmailTemplateSubject>{$membership.passchangedsubject$}</EmailTemplateSubject>
    <EmailTemplateType>password</EmailTemplateType>
  </CMS_EmailTemplate>
  <CMS_EmailTemplate>
    <EmailTemplateID>807</EmailTemplateID>
    <EmailTemplateName>Membership.ExpirationNotification</EmailTemplateName>
    <EmailTemplateDisplayName>Membership - Expiration notification</EmailTemplateDisplayName>
    <EmailTemplateText>The following memberships will expire soon:
&lt;br /&gt;

{%MembershipsTable.ApplyTransformation("Ecommerce.Transformations.Order_MembershipsTable")|(encode)false |(user)administrator|(hash)5538a2506a66d80a55073aebee0d2a443958b4520477dff23c510694dc78c52e%}

&lt;br /&gt;

To renew it, please follow these steps:

&lt;ol&gt;
&lt;li&gt;In My profile section on My memberships tab, click &lt;strong&gt;Buy membership&lt;/strong&gt;. You will be redirected to the Buy membership page.&lt;/li&gt;
&lt;li&gt;Choose the required membership and add it to your shopping cart.&lt;/li&gt;
&lt;li&gt;Finish your order.&lt;/li&gt;
&lt;li&gt;Once you pay the order, your membership will be renewed.&lt;/li&gt;
&lt;/ol&gt;

This is an automatic reminder, please do not respond.&lt;br /&gt;
Thank you.
</EmailTemplateText>
    <EmailTemplateGUID>96db7d3f-e7ca-41eb-926a-9fe92babe634</EmailTemplateGUID>
    <EmailTemplateLastModified>2017-03-03T13:21:59.3076697+01:00</EmailTemplateLastModified>
    <EmailTemplateSubject>{$membership.membershipexpiresoonsubject$}</EmailTemplateSubject>
    <EmailTemplateType>membershipexpiration</EmailTemplateType>
  </CMS_EmailTemplate>
  <CMS_EmailTemplate>
    <EmailTemplateID>164</EmailTemplateID>
    <EmailTemplateName>Registration.New</EmailTemplateName>
    <EmailTemplateDisplayName>Membership - Notification - New registration</EmailTemplateDisplayName>
    <EmailTemplateText>&lt;html&gt;
	&lt;head&gt;
	&lt;/head&gt;
	&lt;body style="font-size:12px; font-family: Arial"&gt;
		&lt;p&gt;
This is a notification that a new user has just registered:&lt;br /&gt;
&lt;br /&gt;
First name: {%firstname%} &lt;br /&gt;
&lt;br /&gt;
Last name: {%lastname%}&lt;br /&gt;
&lt;br /&gt;
E-mail: {%email%}&lt;br /&gt;
&lt;br /&gt;
User name: {%username%}&lt;br /&gt;
&lt;br /&gt;
This e-mail is only for your information. No action is required.
&lt;br /&gt;
&lt;/p&gt;
&lt;/body&gt;
&lt;/html&gt;</EmailTemplateText>
    <EmailTemplateGUID>89e8fed9-3316-435e-8ea6-630e64de1a12</EmailTemplateGUID>
    <EmailTemplateLastModified>2018-11-27T16:50:24.1784391+01:00</EmailTemplateLastModified>
    <EmailTemplatePlainText>This is a notification that a new user has just registered:

First name: {%firstname%} 

Last name: {%lastname%}

E-mail: {%email%}

User name: {%username%}

This e-mail is only for your information. No action is required. </EmailTemplatePlainText>
    <EmailTemplateSubject>{$membership.newuserregisteredsubject$}</EmailTemplateSubject>
    <EmailTemplateType>registration</EmailTemplateType>
  </CMS_EmailTemplate>
  <CMS_EmailTemplate>
    <EmailTemplateID>163</EmailTemplateID>
    <EmailTemplateName>Registration.Approve</EmailTemplateName>
    <EmailTemplateDisplayName>Membership - Notification - Waiting for approval</EmailTemplateDisplayName>
    <EmailTemplateText>&lt;html&gt;
	&lt;head&gt;
	&lt;/head&gt;
	&lt;body style="font-size:12px; font-family: Arial"&gt;
		&lt;p&gt;
This is a notification that a new user has just registered and waiting for your approval:
&lt;br /&gt;
&lt;br /&gt;
First name: {%firstname%} &lt;br /&gt;
&lt;br /&gt;
Last name: {%lastname%}&lt;br /&gt;
&lt;br /&gt;
E-mail: {%email%}&lt;br /&gt;
&lt;br /&gt;
User name: {%username%}&lt;br /&gt;
&lt;br /&gt;
Please log in to the system's administration interface and open the Users application. Switch to the Waiting for approval tab and approve or reject the user.&lt;br /&gt;
&lt;/p&gt;
&lt;/body&gt;
&lt;/html&gt;
</EmailTemplateText>
    <EmailTemplateGUID>8ee2a9d2-0ddd-4ae9-9066-f9edc6261938</EmailTemplateGUID>
    <EmailTemplateLastModified>2018-11-27T16:50:24.1647635+01:00</EmailTemplateLastModified>
    <EmailTemplatePlainText>This is a notification that a new user has just registered and waiting for your approval: 

First name: {%firstname%} 

Last name: {%lastname%}

E-mail: {%email%}

User name: {%username%}

Please log in to the system's administration interface and open the Users application. Switch to the Waiting for approval tab and approve or reject the user.</EmailTemplatePlainText>
    <EmailTemplateSubject>{$membership.newuserapprovalsubject$}</EmailTemplateSubject>
    <EmailTemplateType>registration</EmailTemplateType>
  </CMS_EmailTemplate>
  <CMS_EmailTemplate>
    <EmailTemplateID>869</EmailTemplateID>
    <EmailTemplateName>Membership.PasswordExpired</EmailTemplateName>
    <EmailTemplateDisplayName>Membership - Password expired</EmailTemplateDisplayName>
    <EmailTemplateText>&lt;html&gt;
  &lt;head&gt;
  &lt;/head&gt;
  &lt;body style="font-size:12px; font-family: Arial"&gt;
    &lt;p&gt;
       Your account has been locked because your password has expired. Please click &lt;a href="{%ResetPasswordUrl+"&amp;exp=1"%}"&gt;this link&lt;/a&gt; to generate a new password and unlock your account.
    &lt;/p&gt;
  &lt;/body&gt;
&lt;/html&gt;</EmailTemplateText>
    <EmailTemplateGUID>5142ffc7-9810-45ee-9c5b-e4dd78a401e4</EmailTemplateGUID>
    <EmailTemplateLastModified>2017-03-03T13:21:59.3268848+01:00</EmailTemplateLastModified>
    <EmailTemplatePlainText>Your account has been locked because your password has expired. Please click [url={%ResetPasswordUrl+"&amp;exp=1"%}][/url] to generate a new password and unlock your account.</EmailTemplatePlainText>
    <EmailTemplateSubject>{$membership.accountlocksubject$}</EmailTemplateSubject>
    <EmailTemplateFrom />
    <EmailTemplateCc />
    <EmailTemplateBcc />
    <EmailTemplateType>membershipchangepassword</EmailTemplateType>
  </CMS_EmailTemplate>
  <CMS_EmailTemplate>
    <EmailTemplateID>1167</EmailTemplateID>
    <EmailTemplateName>Membership.PasswordResetConfirmation</EmailTemplateName>
    <EmailTemplateDisplayName>Membership - Password reset confirmation</EmailTemplateDisplayName>
    <EmailTemplateText>&lt;html&gt;
  &lt;head&gt;
  &lt;/head&gt;
  &lt;body style="font-size:12px; font-family: Arial"&gt;
    &lt;p&gt;
      The password of your account '{%UserName%}' was recently changed.
    &lt;/p&gt;
    &lt;p&gt;
      If you did not authorize this password change, please contact us immediately. Your account may be compromised.
    &lt;/p&gt;
  &lt;/body&gt;
&lt;/html&gt;</EmailTemplateText>
    <EmailTemplateGUID>990a8202-fae1-435d-a41f-808256afa100</EmailTemplateGUID>
    <EmailTemplateLastModified>2017-03-03T13:21:59.3491034+01:00</EmailTemplateLastModified>
    <EmailTemplatePlainText>The password of your account '{%UserName%}' was recently changed. 

If you did not authorize this password change, please contact us immediately. Your account may be compromised.</EmailTemplatePlainText>
    <EmailTemplateSubject>{$LogonForm.ResetPasswordConfirmationSubject$}</EmailTemplateSubject>
    <EmailTemplateType>membershippasswordresetconfirmation</EmailTemplateType>
  </CMS_EmailTemplate>
  <CMS_EmailTemplate>
    <EmailTemplateID>750</EmailTemplateID>
    <EmailTemplateName>RegistrationUserApproved</EmailTemplateName>
    <EmailTemplateDisplayName>Membership - Registration approved</EmailTemplateDisplayName>
    <EmailTemplateText>&lt;html&gt;
	&lt;head&gt;
	&lt;/head&gt;
	&lt;body&gt;
		Your registration has been approved by administrator. Now you can sign in using your username and password.  
	&lt;/body&gt;
&lt;/html&gt;</EmailTemplateText>
    <EmailTemplateGUID>017c6bf7-16bf-4c65-ac16-03b5fa8ed5b7</EmailTemplateGUID>
    <EmailTemplateLastModified>2020-10-26T10:01:04.8439185+01:00</EmailTemplateLastModified>
    <EmailTemplatePlainText>Your registration has been approved by administrator. Now you can sign in using your username and password.</EmailTemplatePlainText>
    <EmailTemplateSubject>{$membership.registrationapprovedsubject$}</EmailTemplateSubject>
    <EmailTemplateType>registrationapproval</EmailTemplateType>
  </CMS_EmailTemplate>
  <CMS_EmailTemplate>
    <EmailTemplateID>867</EmailTemplateID>
    <EmailTemplateName>Membership.UserAccountLock</EmailTemplateName>
    <EmailTemplateDisplayName>Membership - User account locked</EmailTemplateDisplayName>
    <EmailTemplateText>&lt;html&gt;
	&lt;head&gt;
	&lt;/head&gt;
	&lt;body style="FONT-SIZE: 12px; FONT-FAMILY: arial"&gt;
		&lt;p&gt;
                 You have reached maximum invalid logon attempts and your user account was locked. Please follow this &lt;a href="{%UnlockAccountUrl%}"&gt;link&lt;/a&gt; to unlock your account. 
                &lt;/p&gt;
                &lt;p&gt;
                If you don't remember your password you can alternatively reset you password by following this &lt;a href="{%ResetPasswordUrl%}"&gt;link&lt;/a&gt;. 		
                &lt;/p&gt;
	&lt;/body&gt;
&lt;/html&gt;
</EmailTemplateText>
    <EmailTemplateGUID>cea25592-8535-429d-9ba0-9da37907c2d7</EmailTemplateGUID>
    <EmailTemplateLastModified>2017-03-03T13:21:59.406928+01:00</EmailTemplateLastModified>
    <EmailTemplatePlainText>You have reached maximum invalid logon attempts and your user account was locked. Please follow this [url={%UnlockAccountUrl%}]link[/url] to unlock your account. 

If you don't remember your password you can alternatively reset you password by following this [url={%ResetPasswordUrl%}]link[/url]. 		
                </EmailTemplatePlainText>
    <EmailTemplateSubject>{$membership.invalidattemptssubject$}</EmailTemplateSubject>
    <EmailTemplateFrom />
    <EmailTemplateCc />
    <EmailTemplateBcc />
    <EmailTemplateType>membershipunlockaccount</EmailTemplateType>
  </CMS_EmailTemplate>
  <CMS_EmailTemplate>
    <EmailTemplateID>874</EmailTemplateID>
    <EmailTemplateName>Reporting_Subscription_information</EmailTemplateName>
    <EmailTemplateDisplayName>Reporting - Subscription confirmation</EmailTemplateDisplayName>
    <EmailTemplateText>&lt;html&gt;
	&lt;head&gt;
	  &lt;style&gt;
		BODY, TD
		{
		  font-size: 12px; 
		  font-family: arial
		}
	  &lt;/style&gt;   
	&lt;/head&gt;	
	&lt;body&gt;
      &lt;h3&gt;{%ReportSubscription.ReportSubscriptionSubject|(user)administrator|(hash)ed8f026e0b158554c3cde62a5b31854060b8480c2db81990aef8bf8a61b8a2f5%}&lt;/h3&gt;
	&lt;p&gt;
        You have been successfully subscribed to {%ItemName%}		
       report &lt;strong&gt; {%Report.ReportDisplayName |(user)administrator|(hash)d7e1f2cbe1eb708e85e13afd6681aa65a8b0396730fc22d8115d7ed2248339da%} &lt;/strong&gt;.
	&lt;p/&gt;
	&lt;p&gt;
      &lt;a href="{%UnsubscriptionLink%}"&gt;Click here to unsubscribe&lt;/a&gt;
	&lt;/p&gt;
	&lt;/body&gt;
&lt;/html&gt;
</EmailTemplateText>
    <EmailTemplateGUID>8a4938c3-ef94-4bec-b4c9-0a8ecbab8d79</EmailTemplateGUID>
    <EmailTemplateLastModified>2017-03-03T13:21:59.547224+01:00</EmailTemplateLastModified>
    <EmailTemplatePlainText>{%ReportSubscription.ReportSubscriptionSubject|(user)administrator|(hash)ed8f026e0b158554c3cde62a5b31854060b8480c2db81990aef8bf8a61b8a2f5%}

You have been successfully subscribed to {%ItemName%} report {%Report.ReportDisplayName |(user)administrator|(hash)d7e1f2cbe1eb708e85e13afd6681aa65a8b0396730fc22d8115d7ed2248339da%}.

Click here to unsubscribe:
{%UnsubscriptionLink%}</EmailTemplatePlainText>
    <EmailTemplateSubject>Report subscription information</EmailTemplateSubject>
    <EmailTemplateFrom />
    <EmailTemplateCc />
    <EmailTemplateBcc />
    <EmailTemplateType>reporting</EmailTemplateType>
  </CMS_EmailTemplate>
  <CMS_EmailTemplate>
    <EmailTemplateID>872</EmailTemplateID>
    <EmailTemplateName>Report_subscription_template</EmailTemplateName>
    <EmailTemplateDisplayName>Reporting - Subscription template</EmailTemplateDisplayName>
    <EmailTemplateText>&lt;html&gt;
  &lt;head&gt;
     &lt;style type="text/css"&gt;
        {%DefaultSubscriptionCSS%}
     &lt;/style&gt;
  &lt;/head&gt;
&lt;body&gt;
    &lt;h3&gt;{%ReportSubscription.ReportSubscriptionSubject|(user)administrator|(hash)ed8f026e0b158554c3cde62a5b31854060b8480c2db81990aef8bf8a61b8a2f5%}&lt;/h3&gt;
    &lt;p&gt;
      {%SubscriptionBody%}
    &lt;/p&gt;
    &lt;p&gt;  
      &lt;a href="{%UnsubscriptionLink%}"&gt;Click here to unsubscribe&lt;/a&gt;
    &lt;/p&gt;
&lt;/body&gt;
&lt;/html&gt;

</EmailTemplateText>
    <EmailTemplateGUID>d7386fb3-f98e-47bf-8833-5574e7945eb9</EmailTemplateGUID>
    <EmailTemplateLastModified>2017-03-03T13:21:59.5910885+01:00</EmailTemplateLastModified>
    <EmailTemplatePlainText>{%ReportSubscription.ReportSubscriptionSubject|(user)administrator|(hash)ed8f026e0b158554c3cde62a5b31854060b8480c2db81990aef8bf8a61b8a2f5%}

{%SubscriptionBody%}

Click here to unsubscribe:
{%UnsubscriptionLink%}</EmailTemplatePlainText>
    <EmailTemplateSubject />
    <EmailTemplateFrom />
    <EmailTemplateCc />
    <EmailTemplateBcc />
    <EmailTemplateType>reporting</EmailTemplateType>
  </CMS_EmailTemplate>
  <CMS_EmailTemplate>
    <EmailTemplateID>873</EmailTemplateID>
    <EmailTemplateName>Reporting_Unsubscription_template</EmailTemplateName>
    <EmailTemplateDisplayName>Reporting - Unsubscription confirmation</EmailTemplateDisplayName>
    <EmailTemplateText>&lt;html&gt;
	&lt;head&gt;
	  &lt;style&gt;
		BODY, TD
		{
		  font-size: 12px; 
		  font-family: arial
		}
	  &lt;/style&gt;
	&lt;/head&gt;	
	&lt;body&gt;
	&lt;p&gt;
      &lt;h3&gt;{%ReportSubscription.ReportSubscriptionSubject|(user)administrator|(hash)ed8f026e0b158554c3cde62a5b31854060b8480c2db81990aef8bf8a61b8a2f5%}&lt;/h3&gt;
      
	  You have been successfully unsubscribed from {%ItemName%}		
	report &lt;strong&gt;{%Report.ReportDisplayName|(user)administrator|(hash)a523a3233d3f9201560f2a53505e352630f620cbd609effbaa6b9640214a8d15%}&lt;/strong&gt;.
	&lt;p/&gt;	
	&lt;/body&gt;
&lt;/html&gt;</EmailTemplateText>
    <EmailTemplateGUID>5422657c-2602-4f80-a12f-858012baf4b9</EmailTemplateGUID>
    <EmailTemplateLastModified>2017-03-03T13:21:59.5696628+01:00</EmailTemplateLastModified>
    <EmailTemplatePlainText>{%ReportSubscription.ReportSubscriptionSubject|(user)administrator|(hash)ed8f026e0b158554c3cde62a5b31854060b8480c2db81990aef8bf8a61b8a2f5%}

You have been successfully unsubscribed from {%ItemName%} report {%Report.ReportDisplayName|(user)administrator|(hash)a523a3233d3f9201560f2a53505e352630f620cbd609effbaa6b9640214a8d15%}.</EmailTemplatePlainText>
    <EmailTemplateSubject>Report unsubscription</EmailTemplateSubject>
    <EmailTemplateFrom />
    <EmailTemplateCc />
    <EmailTemplateBcc />
    <EmailTemplateType>reporting</EmailTemplateType>
  </CMS_EmailTemplate>
  <CMS_EmailTemplate>
    <EmailTemplateID>852</EmailTemplateID>
    <EmailTemplateName>scoring.notification</EmailTemplateName>
    <EmailTemplateDisplayName>Scoring - Notification email</EmailTemplateDisplayName>
    <EmailTemplateText>&lt;html&gt;
  &lt;head&gt;
  &lt;/head&gt;
  &lt;body style="font-size: 12px; font-family: arial"&gt;
    &lt;p&gt;
    This is an automatic notification sent by Kentico CMS.
    &lt;/p&gt;
    &lt;p&gt;
    Contact {%Contact.ContactFirstName|(user)administrator|(hash)40ba6ae3f9815ccaced720b6da9a22341f4b79b85f2227da09a32e0273dcbaac%} {%Contact.ContactLastName|(user)administrator|(hash)75c637072fcf125267b08c15e69f2d18a90283c978e697cf5f6de2ca08fb5029%} has reached limit in score '{%Score.ScoreDisplayName|(user)administrator|(hash)5e845fb69db448608a2b3775e7d9a6ab42e5cc3cdf488a89ec05fa48402807e6%}'.
    &lt;/p&gt;
    &lt;p&gt;
    Contact's current score is {%ScoreValue%}.
    &lt;/p&gt;
  &lt;/body&gt;
&lt;/html&gt;</EmailTemplateText>
    <EmailTemplateGUID>5aea940d-ade5-4419-9f21-4744db45e917</EmailTemplateGUID>
    <EmailTemplateLastModified>2017-03-03T13:21:59.6160897+01:00</EmailTemplateLastModified>
    <EmailTemplatePlainText>This is an automatic notification sent by Kentico CMS.

Contact {%Contact.ContactFirstName|(user)administrator|(hash)40ba6ae3f9815ccaced720b6da9a22341f4b79b85f2227da09a32e0273dcbaac%} {%Contact.ContactLastName|(user)administrator|(hash)75c637072fcf125267b08c15e69f2d18a90283c978e697cf5f6de2ca08fb5029%} has reached limit in score '{%Score.ScoreDisplayName|(user)administrator|(hash)5e845fb69db448608a2b3775e7d9a6ab42e5cc3cdf488a89ec05fa48402807e6%}'.

Contact's current score is {%ScoreValue%}.</EmailTemplatePlainText>
    <EmailTemplateSubject>{% GetResourceString("om.score.notificationsubject")|(recursive)true |(user)administrator|(hash)260b9089ad901aa66a7a59aaca3bc6061b10d3547154e23f7ca80e509f8733e6%}</EmailTemplateSubject>
    <EmailTemplateType>scoring</EmailTemplateType>
  </CMS_EmailTemplate>
  <CMS_EmailTemplate>
    <EmailTemplateID>870</EmailTemplateID>
    <EmailTemplateName>translationservice.submittranslation</EmailTemplateName>
    <EmailTemplateDisplayName>Translation services - Submit translation</EmailTemplateDisplayName>
    <EmailTemplateText>&lt;html&gt;
  &lt;head&gt;
  &lt;/head&gt;
  &lt;body style="font-size: 12px; font-family: arial"&gt;
    &lt;p&gt;
    Pages have been submitted for translation. The source text and instructions are enclosed in a ZIP file.
    &lt;/p&gt;
    &lt;p&gt;
    This submission was created with priority {% GetTranslationPriority(Submission.SubmissionPriority) |(identity)GlobalAdministrator|(hash)048eaa2877fef57bb35336afec896d1f32c57afc86e9820247db6d136023c845%} and is due by {% Submission.SubmissionDeadline |(user)administrator|(hash)6f64f8a047ac02f00db4f94d5a609ff6bef05888dae7561abc2987fa075e9c2d%}.
    &lt;/p&gt;
    &lt;p&gt;
    To upload a ZIP archive with the completed translation, click this link: &lt;a href="{% SubmissionLink %}"&gt;{% SubmissionLink %}&lt;/a&gt;
    &lt;/p&gt;
  &lt;/body&gt;
&lt;/html&gt;</EmailTemplateText>
    <EmailTemplateGUID>de1a03d4-99b4-4ed5-9451-74cc1e75da4e</EmailTemplateGUID>
    <EmailTemplateLastModified>2020-03-29T08:31:47.8667412+02:00</EmailTemplateLastModified>
    <EmailTemplatePlainText>Pages have been submitted for translation. The source text and instructions are enclosed in a ZIP file.

This submission was created with priority {% GetTranslationPriority(Submission.SubmissionPriority) |(identity)GlobalAdministrator|(hash)048eaa2877fef57bb35336afec896d1f32c57afc86e9820247db6d136023c845%} and is due by {% Submission.SubmissionDeadline |(user)administrator|(hash)6f64f8a047ac02f00db4f94d5a609ff6bef05888dae7561abc2987fa075e9c2d%}.

To upload a ZIP archive with the completed translation, go to the following URL {% SubmissionLink %}.</EmailTemplatePlainText>
    <EmailTemplateSubject>New translation submission</EmailTemplateSubject>
    <EmailTemplateType>translationservices</EmailTemplateType>
  </CMS_EmailTemplate>
  <CMS_EmailTemplate>
    <EmailTemplateID>868</EmailTemplateID>
    <EmailTemplateName>Workflow.Notification</EmailTemplateName>
    <EmailTemplateDisplayName>Workflow - Notification</EmailTemplateDisplayName>
    <EmailTemplateText>&lt;html&gt;
  &lt;head&gt;
  &lt;/head&gt;
  &lt;body style="font-size: 12px; font-family: arial"&gt;
    &lt;p&gt;
    This is an automatic notification sent by Kentico CMS. The following page status has changed.
    &lt;/p&gt;
    &lt;p&gt;
    &lt;strong&gt;Page:&lt;/strong&gt; &lt;a href="{%DocumentEditUrl%}"&gt;{%documentname%}&lt;/a&gt; {% DocumentPreviewUrl.IsNullOrEmpty() ? "" : "(&lt;a href=\"" + DocumentPreviewUrl + "\"&gt;preview&lt;/a&gt;)"|(encode)false|(identity)GlobalAdministrator|(hash)38103aa01a324156554e6b6e51224385588fcba8beaa63f254b6f086cfbdf2af%}
    &lt;br /&gt;
    &lt;br /&gt;
    &lt;strong&gt;Action:&lt;/strong&gt; {%DocumentActionName%}
    &lt;br /&gt;
    &lt;strong&gt;Modified by:&lt;/strong&gt; {%User.Email|(user)administrator|(hash)955fb22cc93a629ab4a272a8df544fca6123993cf350ef58ba9bad5becc8e63f%}
    &lt;br /&gt;
    &lt;strong&gt;Modified when:&lt;/strong&gt; {%approvedwhen%}
    &lt;br /&gt;
    &lt;strong&gt;Original step:&lt;/strong&gt; {%originalstepname%}
    &lt;br /&gt;
    &lt;strong&gt;Current step:&lt;/strong&gt; {%currentstepname%}
    &lt;br /&gt;
    &lt;strong&gt;Comment:&lt;/strong&gt;
    &lt;br /&gt;
    {%comment%}
    &lt;/p&gt;
  &lt;/body&gt;
&lt;/html&gt;</EmailTemplateText>
    <EmailTemplateGUID>27f608f0-0a20-4a1b-9474-97bde3c7a725</EmailTemplateGUID>
    <EmailTemplateLastModified>2020-10-26T10:01:04.8907596+01:00</EmailTemplateLastModified>
    <EmailTemplatePlainText>This is an automatic notification sent by Kentico CMS. The following page status has changed. 

Page: [url={%DocumentEditUrl%}]{%documentname%}[/url] {% DocumentPreviewUrl.IsNullOrEmpty() ? "" : "([url=" + DocumentPreviewUrl + "]preview[/url])"|(identity)GlobalAdministrator|(hash)796411f561d37488dbcd8e796039a60b681a0d9b137fce4beeefc3a05b159c8a%}
Action: {%DocumentActionName%} 
Modified by: {%User.Email|(user)administrator|(hash)955fb22cc93a629ab4a272a8df544fca6123993cf350ef58ba9bad5becc8e63f%} 
Modified when: {%approvedwhen%} 
Original step: {%originalstepname%} 
Current step: {%currentstepname%} 
Comment: 
{%comment%} </EmailTemplatePlainText>
    <EmailTemplateSubject>Page '{%DocumentName%}' status changed</EmailTemplateSubject>
    <EmailTemplateType>workflow</EmailTemplateType>
  </CMS_EmailTemplate>
  <CMS_EmailTemplate>
    <EmailTemplateID>160</EmailTemplateID>
    <EmailTemplateName>Workflow.Approved</EmailTemplateName>
    <EmailTemplateDisplayName>Workflow - Page approved</EmailTemplateDisplayName>
    <EmailTemplateText>&lt;html&gt;
  &lt;head&gt;
  &lt;/head&gt;
  &lt;body style="font-size: 12px; font-family: arial"&gt;
    &lt;p&gt;
    This is an automatic notification sent by Kentico CMS. The following page was approved.
    &lt;/p&gt;
    &lt;p&gt;
    &lt;strong&gt;Page:&lt;/strong&gt; &lt;a href="{%DocumentEditUrl%}"&gt;{%documentname%}&lt;/a&gt; {% DocumentPreviewUrl.IsNullOrEmpty() ? "" : "(&lt;a href=\"" + DocumentPreviewUrl + "\"&gt;preview&lt;/a&gt;)"|(encode)false|(identity)GlobalAdministrator|(hash)38103aa01a324156554e6b6e51224385588fcba8beaa63f254b6f086cfbdf2af%}
    &lt;br /&gt;
    &lt;br /&gt;
    &lt;strong&gt;Approved by:&lt;/strong&gt; {%ApprovedBy%}
    &lt;br /&gt;
    &lt;strong&gt;Approved when:&lt;/strong&gt; {%ApprovedWhen%}
    &lt;br /&gt;
    &lt;strong&gt;Original step:&lt;/strong&gt; {%originalstepname%}
    &lt;br /&gt;
    &lt;strong&gt;Current step:&lt;/strong&gt; {%currentstepname%}
    &lt;br /&gt;
    &lt;strong&gt;Comment:&lt;/strong&gt;
    &lt;br /&gt;
    {%Comment%}
    &lt;/p&gt;
  &lt;/body&gt;
&lt;/html&gt;</EmailTemplateText>
    <EmailTemplateGUID>5d4c7b49-0a86-457e-b39c-79be2cc48173</EmailTemplateGUID>
    <EmailTemplateLastModified>2020-10-26T10:01:04.8595014+01:00</EmailTemplateLastModified>
    <EmailTemplatePlainText>This is an automatic notification sent by Kentico CMS. The following page was approved. 

Page: [url={%DocumentEditUrl%}]{%documentname%}[/url] {% DocumentPreviewUrl.IsNullOrEmpty() ? "" : "([url=" + DocumentPreviewUrl + "]preview[/url])"|(identity)GlobalAdministrator|(hash)796411f561d37488dbcd8e796039a60b681a0d9b137fce4beeefc3a05b159c8a%}
Approved by: {%approvedby%} 
Approved when: {%approvedwhen%} 
Original step: {%originalstepname%} 
Current step: {%currentstepname%} 
Comment: 
{%comment%} 
</EmailTemplatePlainText>
    <EmailTemplateSubject>Page '{%DocumentName%}' approved</EmailTemplateSubject>
    <EmailTemplateType>workflow</EmailTemplateType>
  </CMS_EmailTemplate>
  <CMS_EmailTemplate>
    <EmailTemplateID>158</EmailTemplateID>
    <EmailTemplateName>Workflow.Archived</EmailTemplateName>
    <EmailTemplateDisplayName>Workflow - Page archived</EmailTemplateDisplayName>
    <EmailTemplateText>&lt;html&gt;
  &lt;head&gt;
  &lt;/head&gt;
  &lt;body style="font-size: 12px; font-family: arial"&gt;
    &lt;p&gt;
    This is an automatic notification sent by Kentico CMS. The following page has been archived.&lt;/p&gt;
    &lt;p&gt;
    &lt;strong&gt;Page:&lt;/strong&gt; &lt;a href="{%DocumentEditUrl%}"&gt;{%documentname%}&lt;/a&gt; {% DocumentPreviewUrl.IsNullOrEmpty() ? "" : "(&lt;a href=\"" + DocumentPreviewUrl + "\"&gt;preview&lt;/a&gt;)"|(encode)false|(identity)GlobalAdministrator|(hash)38103aa01a324156554e6b6e51224385588fcba8beaa63f254b6f086cfbdf2af%}
    &lt;br /&gt;
    &lt;br /&gt;
    &lt;strong&gt;Archived by:&lt;/strong&gt; {%approvedby%}
    &lt;br /&gt;
    &lt;strong&gt;Archived when:&lt;/strong&gt; {%approvedwhen%}
    &lt;br /&gt;
    &lt;strong&gt;Comment:&lt;/strong&gt;
    &lt;br /&gt;
    {%comment%}
    &lt;/p&gt;
  &lt;/body&gt;
&lt;/html&gt;</EmailTemplateText>
    <EmailTemplateGUID>53d086cb-dc0c-4e5a-b48d-77a6b58fd549</EmailTemplateGUID>
    <EmailTemplateLastModified>2020-10-26T10:01:04.8751325+01:00</EmailTemplateLastModified>
    <EmailTemplatePlainText>This is an automatic notification sent by Kentico CMS. The following page has been archived.

Page: [url={%DocumentEditUrl%}]{%documentname%}[/url] {% DocumentPreviewUrl.IsNullOrEmpty() ? "" : "([url=" + DocumentPreviewUrl + "]preview[/url])"|(identity)GlobalAdministrator|(hash)796411f561d37488dbcd8e796039a60b681a0d9b137fce4beeefc3a05b159c8a%}
Archived by: {%approvedby%}
Archived when: {%approvedwhen%}
Comment: 
{%comment%}</EmailTemplatePlainText>
    <EmailTemplateSubject>Page '{%DocumentName%}' archived</EmailTemplateSubject>
    <EmailTemplateType>workflow</EmailTemplateType>
  </CMS_EmailTemplate>
  <CMS_EmailTemplate>
    <EmailTemplateID>159</EmailTemplateID>
    <EmailTemplateName>Workflow.Published</EmailTemplateName>
    <EmailTemplateDisplayName>Workflow - Page published</EmailTemplateDisplayName>
    <EmailTemplateText>&lt;html&gt;
  &lt;head&gt;
  &lt;/head&gt;
  &lt;body style="font-size: 12px; font-family: arial"&gt;
    &lt;p&gt;
    This is an automatic notification sent by Kentico CMS. The following page was published.
    &lt;/p&gt;
    &lt;p&gt;
    &lt;strong&gt;Page:&lt;/strong&gt; &lt;a href="{%DocumentEditUrl%}"&gt;{%documentname%}&lt;/a&gt; {% DocumentPreviewUrl.IsNullOrEmpty() ? "" : "(&lt;a href=\"" + DocumentPreviewUrl + "\"&gt;preview&lt;/a&gt;)"|(encode)false|(identity)GlobalAdministrator|(hash)38103aa01a324156554e6b6e51224385588fcba8beaa63f254b6f086cfbdf2af%}
    &lt;br /&gt;
    &lt;br /&gt;
    &lt;strong&gt;Last approved by:&lt;/strong&gt; {%approvedby%}
    &lt;br /&gt;
    &lt;strong&gt;Last approved when:&lt;/strong&gt; {%approvedwhen%}
    &lt;br /&gt;
    &lt;strong&gt;Original step:&lt;/strong&gt; {%originalstepname%}
    &lt;br /&gt;
    &lt;strong&gt;Comment:&lt;/strong&gt;
    &lt;br /&gt;
    {%comment%}
    &lt;/p&gt;
  &lt;/body&gt;
&lt;/html&gt;</EmailTemplateText>
    <EmailTemplateGUID>d2c5a1b0-c434-4427-ab81-22c0ca8f2313</EmailTemplateGUID>
    <EmailTemplateLastModified>2020-10-26T10:01:04.9063849+01:00</EmailTemplateLastModified>
    <EmailTemplatePlainText>This is an automatic notification sent by Kentico CMS. The following page was published. 

Page: [url={%DocumentEditUrl%}]{%documentname%}[/url] {% DocumentPreviewUrl.IsNullOrEmpty() ? "" : "([url=" + DocumentPreviewUrl + "]preview[/url])"|(identity)GlobalAdministrator|(hash)796411f561d37488dbcd8e796039a60b681a0d9b137fce4beeefc3a05b159c8a%}
Last approved by: {%approvedby%} 
Last approved when: {%approvedwhen%} 
Original step: {%originalstepname%} 
Comment: 
{%comment%} 
</EmailTemplatePlainText>
    <EmailTemplateSubject>Page '{%DocumentName%}' published</EmailTemplateSubject>
    <EmailTemplateType>workflow</EmailTemplateType>
  </CMS_EmailTemplate>
  <CMS_EmailTemplate>
    <EmailTemplateID>155</EmailTemplateID>
    <EmailTemplateName>Workflow.ReadyForApproval</EmailTemplateName>
    <EmailTemplateDisplayName>Workflow - Page ready for approval</EmailTemplateDisplayName>
    <EmailTemplateText>&lt;html&gt;
  &lt;head&gt;
  &lt;/head&gt;
  &lt;body style="font-size: 12px; font-family: arial"&gt;
    &lt;p&gt;
    This is an automatic notification sent by Kentico. The following page is waiting for your approval. Please sign in to the Kentico administration interface and approve it.
    &lt;/p&gt;
    &lt;p&gt;
    &lt;strong&gt;Page:&lt;/strong&gt; &lt;a href="{%DocumentEditUrl%}"&gt;{%documentname%}&lt;/a&gt; {% DocumentPreviewUrl.IsNullOrEmpty() ? "" : "(&lt;a href=\"" + DocumentPreviewUrl + "\"&gt;preview&lt;/a&gt;)"|(encode)false|(identity)GlobalAdministrator|(hash)38103aa01a324156554e6b6e51224385588fcba8beaa63f254b6f086cfbdf2af%}
    &lt;br /&gt;
    &lt;strong&gt;Last approved by:&lt;/strong&gt; {%approvedby%}
    &lt;br /&gt;
    &lt;strong&gt;Last approved when:&lt;/strong&gt; {%approvedwhen%}
    &lt;br /&gt;
    &lt;strong&gt;Original step:&lt;/strong&gt; {%originalstepname%}
    &lt;br /&gt;
    &lt;strong&gt;Current step:&lt;/strong&gt; {%currentstepname%}
    &lt;br /&gt;
    &lt;strong&gt;Comment:&lt;/strong&gt;
    &lt;br /&gt;
    {%comment%}
    &lt;/p&gt;
  &lt;/body&gt;
&lt;/html&gt;</EmailTemplateText>
    <EmailTemplateGUID>cfa7ee6c-4ee1-4594-9760-d07fe8545336</EmailTemplateGUID>
    <EmailTemplateLastModified>2020-10-26T10:01:04.937624+01:00</EmailTemplateLastModified>
    <EmailTemplatePlainText>This is an automatic notification sent by Kentico. The following page is waiting for your approval. Please sign in to the Kentico administration interface and approve it.

Page: [url={%DocumentEditUrl%}]{%documentname%}[/url] {% DocumentPreviewUrl.IsNullOrEmpty() ? "" : "([url=" + DocumentPreviewUrl + "]preview[/url])"|(identity)GlobalAdministrator|(hash)796411f561d37488dbcd8e796039a60b681a0d9b137fce4beeefc3a05b159c8a%}
Last approved by: {%approvedby%} 
Last approved when: {%approvedwhen%} 
Original step: {%originalstepname%} 
Current step: {%currentstepname%} 
Comment: 
{%comment%} 
</EmailTemplatePlainText>
    <EmailTemplateSubject>Page '{%DocumentName%}' is waiting for approval</EmailTemplateSubject>
    <EmailTemplateType>workflow</EmailTemplateType>
  </CMS_EmailTemplate>
  <CMS_EmailTemplate>
    <EmailTemplateID>156</EmailTemplateID>
    <EmailTemplateName>Workflow.Rejected</EmailTemplateName>
    <EmailTemplateDisplayName>Workflow - Page rejected</EmailTemplateDisplayName>
    <EmailTemplateText>&lt;html&gt;
  &lt;head&gt;
  &lt;/head&gt;
  &lt;body style="font-size: 12px; font-family: arial"&gt;
    &lt;p&gt;
    This is an automatic notification sent by Kentico CMS. The following page was rejected.
    &lt;/p&gt;
    &lt;p&gt;
    &lt;strong&gt;Page:&lt;/strong&gt; &lt;a href="{%DocumentEditUrl%}"&gt;{%documentname%}&lt;/a&gt; {% DocumentPreviewUrl.IsNullOrEmpty() ? "" : "(&lt;a href=\"" + DocumentPreviewUrl + "\"&gt;preview&lt;/a&gt;)"|(encode)false|(identity)GlobalAdministrator|(hash)38103aa01a324156554e6b6e51224385588fcba8beaa63f254b6f086cfbdf2af%}
    &lt;br /&gt;
    &lt;br /&gt;
    &lt;strong&gt;Rejected by:&lt;/strong&gt; {%approvedby%}
    &lt;br /&gt;
    &lt;strong&gt;Rejected when:&lt;/strong&gt; {%approvedwhen%}
    &lt;br /&gt;
    &lt;strong&gt;Original step:&lt;/strong&gt; {%originalstepname%}
    &lt;br /&gt;
    &lt;strong&gt;Current step:&lt;/strong&gt; {%currentstepname%}
    &lt;br /&gt;
    &lt;strong&gt;Comment:&lt;/strong&gt;
    &lt;br /&gt;
    {%comment%}
    &lt;/p&gt;
  &lt;/body&gt;
&lt;/html&gt;</EmailTemplateText>
    <EmailTemplateGUID>5b98fd54-1db8-4f57-b802-c7639fe08184</EmailTemplateGUID>
    <EmailTemplateLastModified>2020-10-26T10:01:04.9532525+01:00</EmailTemplateLastModified>
    <EmailTemplatePlainText>This is an automatic notification sent by Kentico CMS. The following page was rejected. 

Page: [url={%DocumentEditUrl%}]{%documentname%}[/url] {% DocumentPreviewUrl.IsNullOrEmpty() ? "" : "([url=" + DocumentPreviewUrl + "]preview[/url])"|(identity)GlobalAdministrator|(hash)796411f561d37488dbcd8e796039a60b681a0d9b137fce4beeefc3a05b159c8a%}
Rejected by: {%approvedby%} 
Rejected when: {%approvedwhen%} 
Original step: {%originalstepname%} 
Current step: {%currentstepname%} 
Comment: 
{%comment%} 
</EmailTemplatePlainText>
    <EmailTemplateSubject>Page '{%DocumentName%}' rejected</EmailTemplateSubject>
    <EmailTemplateType>workflow</EmailTemplateType>
  </CMS_EmailTemplate>
</NewDataSet>